Index,Name,Price,Liquid,Type,Rarity,Origin,Miles,Degrees,Smoked,Seared,Citrus,Garlic,Chili,Tomato
1,Albert Ménès Boneless Sardines in Organic Extra Virgin Olive Oil,15.5,Olive Oil,Sardines,226,France,"3,850",55,0,0,0,0,0,0
2,"Albert Ménès Vintage Whole Anchovies, 2018",19,Olive Oil,Anchovy,45,France,"3,850",55,0,0,0,0,0,0
3,Alkorta Cod Fillets in Olive Oil,19,Olive Oil,Cod,9,Spain,"3,700",64,0,0,0,0,0,0
4,Alshark Moroccan Sardines in Oil,3.25,Vegetable Oil,Sardines,226,Morocco,"3,680",75,1,0,0,0,0,0
5,Alshark Moroccan Sardines in Spicy Oil,3.25,Vegetable Oil,Sardines,226,Morocco,"3,680",75,1,0,0,0,1,0
6,Angelo Parodi Boneless & Skinless Sardine Fillets in Olive Oil,6.75,Olive Oil,Sardines,226,Morocco,"3,680",75,0,0,0,0,0,0
7,"Angelo Parodi Grated Mullet Bottarga (Salted, Dried Roe)",8.5,None,Mullet Roe,1,Italy,"4,270",56,0,0,0,0,0,0
8,Angelo Parodi Mackerel Filets in Olive Oil,6.5,Olive Oil,Mackerel,71,Italy,"4,270",56,0,0,0,0,0,0
9,Angelo Parodi Mackerel Filets in Olive Oil with Ginger and Chili Pepper,6.5,Olive Oil,Mackerel,71,Italy,"4,270",56,0,0,0,0,1,0
10,Angelo Parodi Portuguese Sardines in Olive Oil,5,Olive Oil,Sardines,226,Italy,"4,270",56,0,0,0,0,0,0
11,Angelo Parodi Salmon al Naturale (in water),12.5,Water,Salmon,23,Italy,"4,270",56,0,0,0,0,0,0
12,Angelo Parodi Spicy Portuguese Sardines in Olive Oil,5,Olive Oil,Sardines,226,Italy,"4,270",56,0,0,0,0,1,0
13,Angelo Parodi Trancio di Tonno all'Olio d'Oliva (Yellowfin Tuna Loin Slice in Olive Oil),13.5,Olive Oil,Yellowfin,36,Italy,"4,270",56,0,0,0,0,0,0
14,Angelo Parodi Ventresca di Tonno in Olio d'Oliva (Yellowfin Ventresca in Olive Oil),17,Olive Oil,Yellowfin,36,Italy,"4,270",56,0,0,0,0,0,0
15,Appel Herring Fillets in Paprika Sauce,6.5,Canola Oil,Herring,18,Germany,"3,930",48,0,0,0,0,0,1
16,Appel Herring Fillets in Tomato Sauce,6.5,Canola Oil,Herring,18,Germany,"3,930",48,0,0,0,0,0,1
17,"Appel Smoked Trout Fillets, Skinless in Canola Oil",9.5,Canola Oil,Trout,8,Germany,"3,930",48,1,0,0,0,0,0
18,"Ar de Arte Cockles in Brine 30/40, Fernando Rei Edition",46,Salt Brine,Cockles,18,Spain,"3,700",64,0,0,0,0,0,0
19,"Ar de Arte Fried Mussels in Escabeche 7/10, Fernando Rei Edition",28,"Olive Oil, Wine Vinegar",Mussels,55,Spain,"3,700",64,0,0,0,1,,0
20,"Ar de Arte Razor Clams in Brine, Fernando Rei Edition",33.5,Salt Brine,Razor Clam,21,Spain,"3,700",64,0,0,0,0,0,0
21,"Ar de Arte Razor Clams in Olive Oil with Garlic and Chilli, Fernando Rei Edition, about 8 pieces",24.5,Olive Oil,Razor Clam,21,Spain,"3,700",64,0,0,0,1,1,0
22,Ar de Arte Scallops with Garlic and Chili Pepper (con Allo e Guindilla),28,Olive Oil,Scallops,3,Spain,"3,700",64,0,0,0,1,1,0
23,"Ar de Arte Small Sardines in Olive Oil 14/16, Fernando Rei Edition",23,Olive Oil,Sardines,226,Spain,"3,700",64,0,0,0,0,0,0
24,"Ar de Arte Small Scallops in Vieira Sauce 12/16, Fernando Rei Edition",24.5,Olive Oil,Scallops,3,Spain,"3,700",64,0,0,0,0,0,1
25,"Ar de Arte Wild Codfish in EVOO with Garlic and Black Pepper, Fernando Rei Edition",18.5,Extra Virgin Olive Oil,Cod,9,Spain,"3,700",64,0,0,0,1,0,0
26,Arroyabe Anchovy Fillets in Olive Oil,8,Olive Oil,Anchovy,45,Spain,"3,700",64,0,0,0,0,0,0
27,Arroyabe Bonito del Norte (Albacore) in Olive Oil,9.5,Olive Oil,Albacore (Bonito del Norte),44,Spain,"3,700",64,0,0,0,0,0,0
28,Arroyabe Ventresca of Bonito del Norte (Albacore) in Olive Oil,23,Olive Oil,Albacore (Bonito del Norte),44,Spain,"3,700",64,0,0,0,0,0,0
29,Artesanos Alalunga Bonito del Norte (Albacore) Loins in Tomato Sauce,23,Olive Oil,Albacore (Bonito del Norte),44,Spain,"3,700",64,0,0,0,1,1,1
30,Artesanos Alalunga Bonito del Norte (Albacore) Loins with Onion and Green Peppers,23,Olive Oil,Albacore (Bonito del Norte),44,Spain,"3,700",64,0,0,0,0,0,0
31,Artesanos Alalunga Cocochas de Merluza Europea (European Hake Cheeks) in Olive Oil 6/8,37,Extra Virgin Olive Oil,Hake,6,Spain,"3,700",64,0,0,0,0,0,0
32,Artesanos Alalunga Cocochas de Merluza Europea (European Hake Cheeks) in Salsa Verde 6/8,42,"Extra Virgin Olive Oil, Olive Oil",Hake,6,Spain,"3,700",64,0,0,0,1,0,0
33,Artesanos Alalunga Cuttlefish In Its Own Ink,23,Extra Virgin Olive Oil,Cuttlefish,1,Spain,"3,700",64,0,0,0,1,0,0
34,Artesanos Alalunga European Hake in Salsa Verde,24,Olive Oil,Hake,6,Spain,"3,700",64,0,0,0,1,0,0
35,Artesanos Alalunga European Hake Loins in Olive Oil (Lomos de Merluza Europea),24,Extra Virgin Olive Oil,Hake,6,Spain,"3,700",64,0,0,0,0,0,0
36,Artesanos Alalunga Mackerel in Olive Oil,20,Olive Oil,Mackerel,71,Spain,"3,700",64,0,0,0,0,0,0
37,Artesanos Alalunga Sea Bass with Garlic and Cayenne Pepper,35,Extra Virgin Olive Oil,Sea Bass,1,Spain,"3,700",64,0,0,0,1,1,0
38,Artesanos Alalunga Sea Bass with Olive Oil,32,Olive Oil,Seabass,2,Spain,"3,700",64,0,0,0,0,0,0
39,Artesanos Alalunga Sea Bass with Pesto,32,Olive Oil,Seabass,2,Spain,"3,700",64,0,0,0,1,0,0
40,Artesanos Alalunga Tarantelo de Bonito del Norte in Extra Virgin Olive Oil,27,Extra Virgin Olive Oil,Albacore (Bonito del Norte),44,Spain,"3,700",64,0,0,0,0,0,0
41,Artesanos Alalunga Ventresca de Bonito del Norte in Olive Oil,44,"Olive Oil, Extra Virgin Olive Oil",Albacore (Bonito del Norte),44,Spain,"3,700",64,0,0,0,0,0,0
42,AS do MAR Ventresca of Yellowfin,25,Olive Oil,Yellowfin,36,Italy,"4,270",56,0,0,0,0,0,0
43,AS do MAR Yellowfin Loin,12.5,Olive Oil,Yellowfin,36,Italy,"4,270",56,0,0,0,0,0,0
44,Ati Manel Garfish in Olive Oil,8,Olive Oil,Garfish,7,Portugal,"3,600",67,0,0,0,0,0,0
45,Ati Manel Garfish in Spiced Olive Oil,8,Olive Oil,Garfish,7,Portugal,"3,600",67,0,0,0,0,1,0
46,Ati Manel Horse Mackerel in Olive Oil with Basil,9,"Olive Oil, Extra Virgin Olive Oil",Horse Mackerel,3,Portugal,"3,600",67,0,0,0,0,0,1
47,Ati Manel Mackerel Fillets in Olive Oil,9,Olive Oil,Mackerel,71,Portugal,"3,600",67,0,0,0,0,0,0
48,Ati Manel Mussels in Escabeche,10,"Sunflower Oil, Wine Vinegar",Mussels,55,Spain,"3,700",64,0,0,0,1,0,0
49,Ati Manel Octopus in Garlic Sauce,14.5,Sunflower Oil,Octopus,21,Spain,"3,700",64,0,0,0,1,0,0
50,Ati Manel Razor Clams in Brine,18,Brine,Razor Clam,21,Spain,"3,700",64,0,0,0,0,0,0
51,Ati Manel Sardines in Olive Oil,8,Olive Oil,Sardines,226,Portugal,"3,600",67,0,0,0,0,0,0
52,Ati Manel Sardines in Olive Oil with Lemon,8,Olive Oil,Sardines,226,Portugal,"3,600",67,0,0,1,0,0,0
53,Ati Manel Sardines in Spicy Olive Oil,8,Olive Oil,Sardines,226,Portugal,"3,600",67,0,0,0,0,1,0
54,Ati Manel Sardines in Tomato Sauce,8,Olive Oil,Sardines,226,Portugal,"3,600",67,0,0,0,0,0,1
55,Ati Manel Scallops in “Caldeirada” Sauce,12,Olive Oil,Scallops,3,Spain,"3,700",64,0,0,0,0,0,1
56,Ati Manel Spiced Mussels in Escabeche,10,"Sunflower Oil, Wine Vinegar",Mussels,55,Spain,"3,700",64,0,0,0,1,1,0
57,Ati Manel Spiced Tuna Fillets in Olive Oil,13.5,Olive Oil,Skipjack,26,Portugal,"3,600",67,0,0,0,0,1,0
58,Ati Manel Squid Pieces in Ink,8,Sunflower Oil,Squid,28,Spain,"3,700",64,0,0,0,0,1,1
59,Ati Manel Tuna Fillets in Olive Oil,13.5,Olive Oil,Skipjack,26,Portugal,"3,600",67,0,0,0,0,0,0
60,Belveder Cod Liver,4.5,None,Cod,9,?,,,0,0,0,0,0,0
61,"Belveder Riga Smoked Sprats in Oil, 160g",3.5,Rapeseed Oil,Sprats,25,Latvia,"4,350",37,1,0,0,0,0,0
62,"Belveder Riga Smoked Sprats in Oil, 240g",4.5,Rapeseed Oil,Sprats,25,Latvia,"4,350",37,1,0,0,0,0,0
63,Berthe Sardine Fillets in Extra Virgin Olive Oil,6,Extra Virgin Olive Oil,Sardines,226,Portugal,"3,600",67,0,0,0,0,0,0
64,Berthe Sardines in Olive Oil,7.5,Olive Oil,Sardines,226,Portugal,"3,600",67,0,0,0,0,0,0
65,Berthe Sardines in Spiced Olive Oil with Pickles,8.5,Olive Oil,Sardines,226,Portugal,"3,600",67,0,0,0,0,1,0
66,Berthe Sardines with Tomato and Basil,8,Olive Oil,Sardines,226,Portugal,"3,600",67,0,0,0,0,0,1
67,Berthe Small Mackerels in Olive Oil,6,Olive Oil,Mackerel,71,Portugal,"3,600",67,0,0,0,0,0,0
68,Berthe Small Sardines in Olive Oil,9,Olive Oil,Sardines,226,Portugal,"3,600",67,0,0,0,0,0,0
69,Bogar Cockles in Brine 45/55,18,Water,Cockles,18,Spain,"3,700",64,0,0,0,0,0,0
70,Bogar Mussels in Escabeche 12/16,9,Sunflower Oil,Mussels,55,Spain,"3,700",64,0,0,0,0,0,0
71,Bogar Sardines in Spicy Oil 3/5,8,Sunflower Oil,Sardines,226,Spain,"3,700",64,0,0,0,0,1,0
72,Bogar Squid Pieces in Ink,6.5,Sunflower Oil,Squid,28,Spain,"3,700",64,0,0,0,0,0,1
73,Bokksu Shirasu Anchovies (Whitebait) with Black Pepper & Basil Infused Oil,14.5,Cottonseed Oil,"Anchovies, Whitebait",47,Japan,"6,770",333,0,0,0,1,0,0
74,Bokksu Shirasu Anchovies (Whitebait) with Mentaiko,14.5,Cottonseed Oil,"Anchovies, Whitebait",47,Japan,"6,770",333,0,0,0,0,0,0
75,Bokksu Shirasu Anchovies (Whitebait) with Yuzu Kosho,14.5,Cottonseed Oil,"Anchovies, Whitebait",47,Japan,"6,770",333,0,0,1,0,0,0
76,Bon Appetit Sardines in Hot Olive Oil,3.5,Olive Oil,Sardines,226,Portugal,"3,600",67,0,0,0,0,1,0
77,Bon Appetit Sardines in Hot Sunflower Oil,3.5,Sunflower,Sardines,226,Portugal,"3,600",67,0,0,0,0,1,0
78,Bon Appetit Sardines in Hot Tomato Sauce,3.5,Sunflower,Sardines,226,Portugal,"3,600",67,0,0,0,0,1,1
79,Bon Appetit Sardines in Olive Oil,3.5,Olive Oil,Sardines,226,Portugal,"3,600",67,0,0,0,0,0,0
80,Bon Appetit Sardines in Sunflower Oil,3.5,Sunflower,Sardines,226,Portugal,"3,600",67,0,0,0,0,0,0
81,Bon Appetit Sardines in Tomato Sauce,3.5,Sunflower,Sardines,226,Portugal,"3,600",67,0,0,0,0,0,1
82,"Bourgogne Escargots Precooked Snails from Burgundy, Very Large (24 count)",20,Water,Snails,1,France,"3,850",55,0,0,0,0,0,0
83,Briosa Gourmet Boneless Skinless Sardines in Olive Oil,10,Olive Oil,Sardines,226,Portugal,"3,600",67,0,0,0,0,0,0
84,Briosa Gourmet Mackerel Fillets in Olive Oil,8,Olive Oil,Mackerel,71,Portugal,"3,600",67,0,0,0,0,0,0
85,Briosa Gourmet Sardines in Olive Oil,7,Olive Oil,Sardines,226,Portugal,"3,600",67,0,0,0,0,0,0
86,Briosa Gourmet Spiced Mackerel Fillets in Olive Oil,8.75,Olive Oil,Mackerel,71,Portugal,"3,600",67,0,0,0,0,1,0
87,Briosa Gourmet Spiced Sardines in Olive Oil,7,Olive Oil,Sardines,226,Portugal,"3,600",67,0,0,0,1,1,0
88,Briosa Gourmet Tuna Fillets in Olive Oil with Chickpeas,8,Olive Oil,Skipjack,26,Portugal,"3,600",67,0,0,0,0,0,0
89,Callol Serrats L’Escala Anchovy Fillets,13,Olive Oil,Anchovy,45,Spain,"3,700",64,0,0,0,0,0,0
90,"Callol Serrats L’Escala Anchovy Fillets, 100g glass jar",19,Olive Oil,Anchovy,45,Spain,"3,700",64,0,0,0,0,0,0
91,"Chatka King Crab 100% Legs, 121g",77,Water,King Crab,6,Spain,"3,700",64,0,0,0,0,0,0
92,"Chatka King Crab 100% Legs, 185g",105,Water,King Crab,6,Spain,"3,700",64,0,0,0,0,0,0
93,"Chatka King Crab 15% Legs, 121g",43,Water,King Crab,6,Spain,"3,700",64,0,0,0,0,0,0
94,"Chatka King Crab 15% Legs, 185g",50,Water,King Crab,6,Spain,"3,700",64,0,0,0,0,0,0
95,"Chatka King Crab 60% Legs, 121g",53,Water,King Crab,6,Spain,"3,700",64,0,0,0,0,0,0
96,"Chatka King Crab 60% Legs, 185g",68,Water,King Crab,6,Spain,"3,700",64,0,0,0,0,0,0
97,Codesa Serie Limitada (Limited Series) Anchovy Fillet in Olive Oil,20,Extra Virgin Olive Oil,Anchovy,45,Spain,"3,700",64,0,0,0,0,0,0
98,Codesa Serie Oro (Gold Series) Anchovy Fillet in Olive Oil,15.5,Olive Oil,Anchovy,45,Spain,"3,700",64,0,0,0,0,0,0
99,Codesa Serie Oro (Gold Series) Anchovy Fillet in Sunflower Oil,15,Sunflower Oil,Anchovy,45,Spain,"3,700",64,0,0,0,0,0,0
100,"Codesa Serie Rosa Anchovy Fillet in Olive Oil, 7/10",20,Extra Virgin Olive Oil,Anchovy,45,Spain,"3,700",64,0,0,0,0,0,0
101,"Codesa Serie Rosa Edicion Limitada Anchovy Fillet in Olive Oil, 10/15",33,Olive Oil,Anchovy,45,Spain,"3,700",64,0,0,0,0,0,0
102,Cole's Select Snow Crab,16,Water,Crab,2,Chile,"5,010",176,0,0,0,0,0,0
103,Cole's Smoked Mussels in Olive Oil,8.5,Olive Oil,Mussels,55,Chile,"5,010",176,1,0,0,0,0,0
104,Cole's Smoked Rainbow Trout in Olive Oil,8.5,Olive Oil,Trout,8,Chile,"5,010",176,1,0,0,0,0,0
105,Cole's Smoked Salmon in Olive Oil,9.5,Olive Oil,Salmon,23,Chile,"5,010",176,1,0,0,0,0,0
106,Cole's Smoked Trout with Lemon & Cracked Pepper,8.5,Olive Oil,Trout,8,Chile,"5,010",176,1,0,1,0,0,0
107,"Cole's Stuffed Calamari with Rice, Tomato, Onion, and Spices",9,"Sunflower Oil, Soybean Oil",Squid,28,Portugal,"3,600",67,0,0,0,0,0,1
108,Cole's Tuna Fillets in Olive Oil,11,Olive Oil,Skipjack,26,Cape Verde,"3,630",101,0,0,0,0,0,0
109,Cole's Tuna Fillets in Olive Oil & Fennel,11,Olive Oil,Skipjack,26,Cape Verde,"3,630",101,0,0,0,0,0,0
110,Cole's Tuna Fillets in Olive Oil with Oregano,11,Olive Oil,Skipjack,26,Cape Verde,"3,630",101,0,0,0,0,0,0
111,Cole's Tuna Fillets in Olive Oil with Sweet Red Pepper,11,Olive Oil,Skipjack,26,Cape Verde,"3,630",101,0,0,0,0,0,0
112,Cole's Wild Atlantic Chub Mackerel in Olive Oil,6,Olive Oil,Mackerel,71,Cape Verde,"3,630",101,0,0,0,0,0,0
113,Conservas de Cambados Baby Eels in Olive Oil,49,Olive Oil,Eel,9,Spain,"3,700",64,0,0,0,0,1,0
114,Conservas de Cambados Barnacles (Percebes) in Brine,33.5,Water,Barnacles,1,Spain,"3,700",64,0,0,0,0,0,0
115,Conservas de Cambados Cockles in Brine 20/25,54,Water,Cockles,18,Spain,"3,700",64,0,0,0,0,0,0
116,Conservas de Cambados Cockles in Brine 30/40,31.5,Water,Cockles,18,Spain,"3,700",64,0,0,0,0,0,0
117,Conservas de Cambados Fried Mussels in Escabeche 4/6,23,Olive Oil,Mussels,55,Spain,"3,700",64,0,0,0,0,0,0
118,Conservas de Cambados Fried Mussels in Escabeche 6/8 (King Size),19,Olive Oil,Mussels,55,Spain,"3,700",64,0,0,0,0,0,0
119,Conservas de Cambados Fried Mussels in Escabeche 8/12,14.5,Olive Oil,Mussels,55,Spain,"3,700",64,0,0,0,0,0,0
120,Conservas de Cambados Garfish (Agujas) in Olive Oil,6.5,Olive Oil,Garfish,7,Spain,"3,700",64,0,0,0,0,0,0
121,Conservas de Cambados Large Fried Mussels in Escabeche 16/20 (Large Format Tin),30,Olive Oil,Mussels,55,Spain,"3,700",64,0,0,0,0,0,0
122,Conservas de Cambados Mackerel Fillet in Olive Oil,10,Olive Oil,Mackerel,71,Spain,"3,700",64,0,0,0,0,0,0
123,Conservas de Cambados Octopus in Galician Sauce,12,Sunflower Oil,Octopus,21,Spain,"3,700",64,0,0,0,0,0,0
124,Conservas de Cambados Octopus in Olive Oil,13,Olive Oil,Octopus,21,Spain,"3,700",64,0,0,0,0,0,0
125,Conservas de Cambados Razorshells (Razor Clams) in Brine,19,Water,Razor Clam,21,Spain,"3,700",64,0,0,0,0,0,0
126,Conservas de Cambados Sea Urchin Roes in Brine,30,Water,Urchin Roe,2,Spain,"3,700",64,0,0,0,0,0,0
127,Conservas de Cambados Small Sardines in Olive Oil 16/22,10.5,Olive Oil,Sardines,226,Spain,"3,700",64,0,0,0,0,0,0
128,Conservas de Cambados Small Sardines in Olive Oil 20/25,12,Olive Oil,Sardines,226,Spain,"3,700",64,0,0,0,0,0,0
129,Conservas de Cambados Small Scallops in Galician Sauce,10,Sunflower Oil,Scallop,9,Spain,"3,700",64,0,0,0,0,0,1
130,"Conservas de Cambados Squid Ink (Tina de Calamar), 4-pack of 4g packets",6,Water,Cuttlefish Ink,1,Spain,"3,700",64,0,0,0,0,0,0
131,Conservas de Cambados Stuffed Squids in Ink 6/8,17,Sunflower Oil,Squid,28,Spain,"3,700",64,0,0,0,0,0,1
132,Conservas de Cambados Stuffed Squids in Olive Oil 6/8,21,Olive Oil,Squid,28,Spain,"3,700",64,0,0,0,0,0,0
133,Conservas de Cambados Very Small Sardines in Olive Oil 25/30,15,Olive Oil,Sardines,226,Spain,"3,700",64,0,0,0,0,0,0
134,Conservas de Cambados White Tuna Belly (Ventresca) Fillets in Olive Oil,21.5,Olive Oil,Albacore (Bonito del Norte),44,Spain,"3,700",64,0,0,0,0,0,0
135,Conservas de Cambados White Tuna in Olive Oil,13.25,Olive Oil,Albacore (Bonito del Norte),44,Spain,"3,700",64,0,0,0,0,0,0
136,Don Bocarte Anchovy Fillets in Extra Virgin Olive Oil 6/7,18.5,Extra Virgin Olive Oil,Anchovy,45,Spain,"3,700",64,0,0,0,0,0,0
137,Don Bocarte Sliced Bonita Del Norte (Lomo Laminado),16.5,Olive Oil,Albacore (Bonito del Norte),44,Spain,"3,700",64,0,0,0,0,0,0
138,Don Bocarte Ventresca Bonito Del Norte,73,Olive Oil,Albacore (Bonito del Norte),44,Spain,"3,700",64,0,0,0,0,0,0
139,Don Bocarte Wild Bluefin (Atun Rojo) Belly (Ventresca) in Olive Oil,44.5,Olive Oil,Bluefin,9,Spain,"3,700",64,0,0,0,0,0,0
140,Don Gastronom (La Narval) Mussels in Spicy Garlic Sauce,8,Olive Oil,Mussels,55,Spain,"3,700",64,0,0,0,1,1,0
141,Don Gastronom (La Narval) Octopus with Garlic in Sunflower Oil,12,Sunflower Oil,Octopus,21,Spain,"3,700",64,0,0,0,1,0,0
142,Don Gastronom (La Narval) Scallops in Vieira Sauce,9.5,Sunflower Oil,Small Scallops,1,Spain,"3,700",64,0,0,0,0,0,1
143,Don Gastronom (La Narval) Yellowfin Tuna with Honey and Mustard,8,Sunflower Oil,Yellowfin,36,Spain,"3,700",64,0,0,0,0,0,0
144,Don Gastronom (La Narval) Yellowfin Tuna with Lemon,8,Sunflower Oil,Yellowfin,36,Spain,"3,700",64,0,0,1,0,0,0
145,Don Gastronom (La Narval) Yellowfin Tuna with Orange and Clove,8,Sunflower Oil,Yellowfin,36,Spain,"3,700",64,0,0,1,0,0,0
146,Don Gastronom (La Narval) Yellowfin Tuna with Tomato and Basil,8,Sunflower Oil,Yellowfin,36,Spain,"3,700",64,0,0,0,0,0,1
147,Don Gastronom Cockles in Brine 55/65,15,Water,Cockles,18,Spain,"3,700",64,0,0,0,0,0,0
148,Don Gastronom Fried Small Mussels in Escabeche 12/16,8,Sunflower Oil,Mussels,55,Spain,"3,700",64,0,0,0,0,0,0
149,Don Gastronom Galician Clams in Brine,27,Water,White Clam,4,Spain,"3,700",64,0,0,0,0,0,0
150,Don Gastronom Mackerel Fillets in Olive Oil 4/6,6,Olive Oil,Mackerel,71,Spain,"3,700",64,0,0,0,0,0,0
151,Don Gastronom Mackerel Fillets in Tomato Sauce 4/6,6,Sunflower Oil,Mackerel,71,Spain,"3,700",64,0,0,0,0,0,1
152,Don Gastronom Octopus in Spiced Sunflower Oil,12,Sunflower Oil,Octopus,21,Spain,"3,700",64,0,0,0,0,0,0
153,Don Gastronom Razor Clams in Brine 6/8,14,Water,Razor Clam,21,Spain,"3,700",64,0,0,0,0,0,0
154,Don Gastronom Small Sardines in Olive Oil 10/12,8,Olive Oil,Sardines,226,Spain,"3,700",64,0,0,0,0,0,0
155,Don Gastronom Squid Pieces in Ink Sauce,5.5,Sunflower Oil,Squid,28,Spain,"3,700",64,0,0,0,0,0,0
156,Don Gastronom Whole Stuffed Squids in Ink Sauce 4/6,13.5,Sunflower Oil,Squid,28,Spain,"3,700",64,0,0,0,0,0,0
157,Don Gastronom Yellowfin Tuna Loin in Olive Oil,10.75,Olive Oil,Yellowfin,36,Spain,"3,700",64,0,0,0,0,0,0
158,Don Gastronom Yellowfin Tuna Ventresca in Olive Oil,14.5,Olive Oil,Yellowfin,36,Spain,"3,700",64,0,0,0,0,0,0
159,Eagle Coin Fried Dace,6.5,Soybean Oil,Dace,6,China,"7,270",360,0,0,0,0,0,0
160,Eagle Coin Fried Dace with Dried Bean Curd,6.5,Soybean Oil,Dace,6,China,"7,270",360,0,0,0,0,0,0
161,Eagle Coin Fried Dace with Preserved Vegetables,6.5,Soybean Oil,Dace,6,China,"7,270",360,0,0,0,0,0,0
162,Eagle Coin Fried Dace with Salted Black Bean,6.5,Soybean Oil,Dace,6,China,"7,270",360,0,0,0,0,0,0
163,Eco Food Armenia Sturgeon in Water,12,Water,Sturgeon,3,Armenia,"5,600",41,0,0,0,0,0,0
164,"Eco Food Armenia Sturgeon Liver, Natural (in water)",12,Water,Sturgeon,3,Armenia,"5,600",41,0,0,0,0,0,0
165,Ekone Oyster Company Habanero Smoked Oysters,13,Sunflower Oil,Oyster,3,USA,0,0,1,0,0,1,1,1
166,Ekone Oyster Company Lemon Pepper Smoked Oysters,13,Sunflower Oil,Oyster,3,USA,0,0,1,0,1,1,0,0
167,Ekone Oyster Company Original Smoked Oysters,13,Sunflower Oil,Oyster,3,USA,0,0,1,0,0,1,0,0
168,El Capricho Anchovy Fillets in Extra Virgin Olive Oil,35,Extra Virgin Olive Oil,Anchovy,45,Spain,"3,700",64,0,0,0,0,0,0
169,"El Capricho Anchovy Fillets in Extra Virgin Olive Oil, L+ (10 Fillets)",32,Extra Virgin Olive Oil,Anchovy,45,Spain,"3,700",64,0,0,0,0,0,0
170,El Capricho Anchovy Fillets in Olive Oil,21,Olive Oil,Anchovy,45,Spain,"3,700",64,0,0,0,0,0,0
171,El Capricho Anchovy Fillets in Sunflower Oil,21,Sunflower Oil,Anchovy,45,Spain,"3,700",64,0,0,0,0,0,0
172,"El Capricho Anchovy Fillets, L, EVOO, 115g – (+/-20 fillets)",45,Extra Virgin Olive Oil,Anchovy,45,Spain,"3,700",64,0,0,0,0,0,0
173,"El Capricho Anchovy Fillets, L, EVOO, 95g – (+/-18 fillets)",37,Extra Virgin Olive Oil,Anchovy,45,Spain,"3,700",64,0,0,0,0,0,0
174,"El Capricho Anchovy Fillets, L, Sunflower Oil, 115g – (+/-20 fillets)",45,Sunflower Oil,Anchovy,45,Spain,"3,700",64,0,0,0,0,0,0
175,"El Capricho Anchovy Fillets, L, Sunflower Oil, 95g – (+/-18 fillets)",37,Sunflower Oil,Anchovy,45,Spain,"3,700",64,0,0,0,0,0,0
176,"El Capricho Anchovy Fillets, M, EVOO, 95g – (+/-24 fillets)",35,Extra Virgin Olive Oil,Anchovy,45,Spain,"3,700",64,0,0,0,0,0,0
177,"El Capricho Anchovy Fillets, M, Olive Oil, 50g – (+/- 10 Fillets)",21,Olive Oil,Anchovy,45,Spain,"3,700",64,0,0,0,0,0,0
178,"El Capricho Anchovy Fillets, M, Sunflower Oil, 50g – (+/- 10 Fillets)",21,Sunflower Oil,Anchovy,45,Spain,"3,700",64,0,0,0,0,0,0
179,"El Capricho Anchovy Fillets, M, Sunflower Oil, 95g – (+/-24 fillets)",34,Sunflower Oil,Anchovy,45,Spain,"3,700",64,0,0,0,0,0,0
180,"El Capricho Anchovy Fillets, XL, EVOO, 115g – (14-16 fillets)",51,Extra Virgin Olive Oil,Anchovy,45,Spain,"3,700",64,0,0,0,0,0,0
181,"El Capricho Anchovy Fillets, XL, Sunflower Oil, 115g – (14-16 fillets)",51,Sunflower Oil,Anchovy,45,Spain,"3,700",64,0,0,0,0,0,0
182,"El Capricho Anchovy Fillets, XXL, EVOO, 115g – (10-12 fillets)",55,Extra Virgin Olive Oil,Anchovy,45,Spain,"3,700",64,0,0,0,0,0,0
183,"El Capricho Anchovy Fillets, XXL, Sunflower Oil, 115g – (10-12 fillets)",55,Sunflower Oil,Anchovy,45,Spain,"3,700",64,0,0,0,0,0,0
184,El Capricho Atun Rojo Salvaje (Bluefin Tuna) in Extra Virgin Olive Oil,26,Extra Virgin Olive Oil,Bluefin,9,Spain,"3,700",64,0,0,0,0,0,0
185,El Capricho Bonito del Norte Fillets in EVOO,26,Extra Virgin Olive Oil,Albacore (Bonito del Norte),44,Spain,"3,700",64,0,0,0,0,0,0
186,El Capricho Laminas Bonito del Norte (Albacore slices),21.5,Sunflower Oil,Albacore (Bonito del Norte),44,Spain,"3,700",64,0,0,0,0,0,0
187,El Capricho Mussels in Escabeche,26,Olive Oil,Mussels,55,Spain,"3,700",64,0,0,0,0,0,0
188,El Capricho SalMŭria,35,Anchovy Extract,Anchovy,45,Spain,"3,700",64,0,0,0,0,0,0
189,El Capricho Sturgeon in EVOO,28.5,Extra Virgin Olive Oil,Sturgeon,3,Spain,"3,700",64,0,0,0,0,0,0
190,El Capricho Ventresca de Atun Yellowfin in Extra Virgin Olive Oil,26,Extra Virgin Olive Oil,Yellowfin,36,Spain,"3,700",64,0,0,0,0,0,0
191,El Capricho Ventresca de Bonito del Norte,35,Sunflower Oil,Albacore (Bonito del Norte),44,Spain,"3,700",64,0,0,0,0,0,0
192,Espinaler Baby Sardines in Olive Oil 14/16,9.5,Olive Oil,Sardines,226,Spain,"3,700",64,0,0,0,0,0,0
193,"Espinaler Baby Sardines in Olive Oil 20/25, Premium Line",11.5,Olive Oil,Sardines,226,Spain,"3,700",64,0,0,0,0,0,0
194,Espinaler Baby Sardines in Spicy Olive Oil 10/12,8,Olive Oil,Sardines,226,Spain,"3,700",64,0,0,0,0,1,0
195,Espinaler Baby Squid in Olive Oil,15.5,Olive Oil,Squid,28,Spain,"3,700",64,0,0,0,0,0,0
196,Espinaler Baby Squid in Spicy Olive Oil,15.5,Olive Oil,Squid,28,Spain,"3,700",64,0,0,0,1,1,0
197,"Espinaler Baby Squids in Olive Oil 6/8, Premium Line (chipirones en aceite de oliva)",22,Olive Oil,Squid,28,Spain,"3,700",64,0,0,0,0,0,0
198,"Espinaler Bonito del Norte (White Tuna) in Olive Oil, Classic Line",12.5,Olive Oil,Albacore (Bonito del Norte),44,Spain,"3,700",64,0,0,0,0,0,0
199,Espinaler Bonito del Norte in Escabeche,12,Olive Oil,Albacore (Bonito del Norte),44,Spain,"3,700",64,0,0,0,0,0,0
200,Espinaler Clams in Brine 15/20,12,Water,White Clam,4,Spain,"3,700",64,0,0,0,0,0,0
201,"Espinaler Cockles in Brine, Premium Line, 30/35",38.5,Water,Cockles,18,Spain,"3,700",64,0,0,0,0,0,0
202,Espinaler Mussels in Escabeche (Mejillones in Escabeche) 8/10,12,Sunflower Oil,Mussels,55,Spain,"3,700",64,0,0,0,0,0,0
203,"Espinaler Mussels in Escabeche, Premium Line, 6/8",24,Sunflower Oil,Mussels,55,Spain,"3,700",64,0,0,0,0,0,0
204,Espinaler Mussels in Pickled Sauce (Mejillones in Escabeche),7.5,Sunflower Oil,Mussels,55,Spain,"3,700",64,0,0,0,0,0,0
205,Espinaler Mussels in Spicy Escabeche (Mejillones en Escabeche Picante),7.5,Sunflower Oil,Mussels,55,Spain,"3,700",64,0,0,0,0,1,0
206,Espinaler Octopus in Olive Oil,28,Olive Oil,Octopus,21,Spain,"3,700",64,0,0,0,0,0,0
207,Espinaler Razor Clams (Trimmed) 4/6 Classic Line,13,Water,Razor Clam,21,Spain,"3,700",64,0,0,0,0,0,0
208,"Espinaler Razor Clams 5/7 Premium Line, Sálvora Island",40,Water,Razor Clam,21,Spain,"3,700",64,0,0,0,0,0,0
209,Espinaler Razor Clams in Brine 5/8 Classic Line,20.5,Water,Razor Clam,21,Spain,"3,700",64,0,0,0,0,0,0
210,Espinaler Sardines in Olive Oil 3/5,8,Olive Oil,Sardines,226,Spain,"3,700",64,0,0,0,0,0,0
211,Espinaler Sardines in Spicy Sunflower Oil 3/5,8,Sunflower Oil,Sardines,226,Spain,"3,700",64,0,0,0,0,1,0
212,Espinaler Sauce (Salsa Espinaler),7.5/19,Vinegar,,,Spain,"3,700",64,,,,,,
213,"Espinaler Sauce, Extra Hotter with Habanero",7.5,Vinegar,,,Spain,"3,700",64,,,,,,
214,"Espinaler Sauce, Hotter with Cayenne",7,Vinegar,,,Spain,"3,700",64,,,,,,
215,Espinaler Scallops in Galician Sauce,11,Sunflower Oil,Scallop,9,Spain,"3,700",64,0,0,0,0,0,1
216,"Espinaler Spicy Baby Eels in Olive Oil, Premium Line",61,Olive Oil,Eel,9,Spain,"3,700",64,0,0,0,1,1,0
217,Espinaler Ventresca Bonito del Norte,22.5,Olive Oil,Albacore,2,Spain,"3,700",64,0,0,0,0,0,0
218,Espinaler Ventresca Bonito del Norte (Albacore Belly),38,Olive Oil,Albacore (Bonito del Norte),44,Spain,"3,700",64,0,0,0,0,0,0
219,Espinaler Ventresca Yellowfin Tuna,16,Olive Oil,Yellowfin,36,Spain,"3,700",64,0,0,0,0,0,0
220,"Fangst Blåmusling No. 1, Limfjord Blue Mussels Marinated w/ Dill and Fennel Seeds in Cold Pressed Rapeseed (Canola) Oil",12,Rapeseed Oil,Mussels,55,Denmark,"3,830",42,0,0,0,0,0,0
221,"Fangst Blåmusling No. 2, Limfjord Blue Mussels Smoked in Cold Pressed Rapeseed (Canola) Oil",12,Rapeseed Oil,Mussels,55,Denmark,"3,830",42,1,0,0,0,0,0
222,"Fangst Danish Freshwater Trout Smoked, with Juniper and Lemon Thyme",12,Rapeseed Oil,Trout,8,Denmark,"3,830",42,1,0,0,0,0,0
223,Fangst Færøsk Laks (Faroe Islands Salmon) Flash Grilled in Cold Pressed Rapeseed (Canola) Oil,12,Rapeseed Oil,Salmon,23,Denmark,"3,830",42,0,1,0,0,0,0
224,Fangst Færøsk Laks (Faroe Islands Salmon) w/ Sea Buckthorn & Lemon Verbena,12,Rapeseed Oil,Salmon,23,Denmark,"3,830",42,0,1,1,0,0,0
225,Fangst Limfjord Hjertemusling (Cockles) in Cold Pressed Rapeseed (Canola) Oil,13.5,Rapeseed,Cockles,18,Denmark,"3,830",42,0,0,0,0,0,0
226,Fangst Smoked Herring w/ White Pepper & Ramps (Sild No. 1 Norwegian Sea herring),11,Rapeseed Oil,Herring,18,Denmark,"3,830",42,1,0,0,0,0,0
227,"Fangst Sprat no. 1 (Smoked, with Heather & Chamomile) Baltic Sea",9.5,Rapeseed,Sprat,3,Latvia,"4,350",37,1,0,0,0,0,0
228,Fangst Sprat no. 2 (Smoked) Baltic Sea,9.5,Rapeseed,Sprat,3,Latvia,"4,350",37,1,0,0,0,0,0
229,Fangst Sprat no. 4 (Allspice & Clove) Baltic Sea,9.5,Rapeseed,Sprat,3,Latvia,"4,350",37,0,0,0,0,0,0
230,Ferrigno La Bonne Mer Anchovies in Organic Extra Virgin Olive Oil,7,Extra Virgin Olive Oil Organic,Anchovy,45,France,"3,850",55,0,0,0,0,0,0
231,Ferrigno La Bonne Mer Fisherman's Anchovies,7,Extra Virgin Olive Oil Organic,Anchovy,45,France,"3,850",55,0,0,1,1,0,0
232,Ferrigno La Bonne Mer Fisherman's Sardines,7,Extra Virgin Olive Oil Organic,Sardine,2,France,"3,850",55,0,0,1,1,0,0
233,Ferrigno La Bonne Mer Lisettes (Small Whole Mackerel) in Organic Extra Virgin Olive Oil,7.5,Extra Virgin Olive Oil Organic,Mackerel,71,France,"3,850",55,0,0,0,0,0,0
234,Ferrigno La Bonne Mer Mixed Seafood (Méli-mélo) in Organic Extra Virgin Olive Oil with Aromatics and Spices,9,Extra Virgin Olive Oil Organic,"Sardines, Mussels, Squid",103,France,"3,850",55,0,0,0,1,0,0
235,"Ferrigno La Bonne Mer Mussels with Organic Olive Oil, Garlic and Parsley",8.5,Extra Virgin Olive Oil Organic,Mussels,55,France,"3,850",55,0,0,0,1,0,0
236,Ferrigno La Bonne Mer Sardines à l'escabèche (Sardines in Escabeche),7,Sunflower Oil,Sardines,226,France,"3,850",55,0,0,0,0,0,0
237,"Ferrigno La Bonne Mer Sardines à la Bastiaise (w/ Lemon, Garlic and Parsley)",7,Extra Virgin Olive Oil,Sardines,226,France,"3,850",55,0,0,1,1,0,0
238,"Ferrigno La Bonne Mer Sardines à la Brousse (with Whey Cheese, Tomato, and Herbs)",7,Extra Virgin Olive Oil,Sardines,226,France,"3,850",55,0,0,0,0,0,1
239,Ferrigno La Bonne Mer Sardines à la Camarguaise (w/ Chorizo sausage),7,Sunflower Oil,Sardines,226,France,"3,850",55,0,0,0,0,0,0
240,"Ferrigno La Bonne Mer Sardines à la Niçoise (w/ Peppers, Onions, Garlic)",7,Extra Virgin Olive Oil,Sardines,226,France,"3,850",55,0,0,0,1,1,0
241,Ferrigno La Bonne Mer Sardines à la Ratatouille,7,Extra Virgin Olive Oil,Sardines,226,France,"3,850",55,0,0,0,0,0,1
242,"Ferrigno La Bonne Mer Sardines à la Tapenade (Black Olives, Anchovies, Capers)",7,"Extra Virgin Olive Oil, Sunflower Oil",Sardines,226,France,"3,850",55,0,0,0,0,0,0
243,"Ferrigno La Bonne Mer Sardines à la Tropezienne (w/ Tomato, Caper, Olive)",7,Extra Virgin Olive Oil,Sardines,226,France,"3,850",55,0,0,0,0,0,1
244,Ferrigno La Bonne Mer Sardines au Citron Confit (w/ Preserved Lemon and Green Olives),7,Sunflower Oil,Sardines,226,France,"3,850",55,0,0,1,0,0,0
245,Ferrigno La Bonne Mer Sardines aux Figatelli (Liver and Pork Sausage),7,Sunflower Oil,Sardines,226,France,"3,850",55,0,0,0,0,0,0
246,Ferrigno La Bonne Mer Sardines in Butter with Fleur de Sel from Camargue,8,Butter,Sardines,226,France,"3,850",55,0,0,0,0,0,0
247,Ferrigno La Bonne Mer Sardines in Butter with Persillade (Garlic and Parsley),8,Butter,Sardines,226,France,"3,850",55,0,0,0,1,0,0
248,Ferrigno La Bonne Mer Sardines in Butter with Thyme de Provence,8,Butter,Sardines,226,France,"3,850",55,0,0,0,0,0,0
249,Ferrigno La Bonne Mer Sardines in Extra Virgin Olive Oil and Fleur de Sel,7,Extra Virgin Olive Oil,Sardines,226,France,"3,850",55,0,0,0,0,0,0
250,Ferrigno La Bonne Mer Squid Pieces in Organic Provencal Sauce,8.5,Extra Virgin Olive Oil Organic,Squid,28,France,"3,850",55,0,0,0,0,0,1
251,Ferrigno La Bonne Mer Wild Salmon in Water,8.5,Spring water,Salmon,23,France,"3,850",55,0,0,0,0,0,0
252,Ferrigno Les Belles de Marseille Les Pitchounettes (Small Sardines) in Extra Virgin Olive Oil,7,Extra Virgin Olive Oil,Sardines,226,France,"3,850",55,0,0,0,0,0,0
253,Ferrigno Les Belles de Marseille Mackerel Fillets in Extra Virgin Olive Oil,7,Extra Virgin Olive Oil,Mackerel,71,France,"3,850",55,0,0,0,0,0,0
254,Ferrigno Les Belles de Marseille Mackerel Fillets with Pastis,7,Extra Virgin Olive Oil,Mackerel,71,France,"3,850",55,0,0,0,0,0,0
255,Ferrigno Les Belles de Marseille Mackerel Fillets with Pepper and Chili,7,Extra Virgin Olive Oil,Mackerel,71,France,"3,850",55,0,0,0,0,1,0
256,Ferrigno Les Belles de Marseille Sardines à l’huile d’olive vierge extra (Sardines in Extra Virgin Olive Oil),7,Extra Virgin Olive Oil,Sardine,2,France,"3,850",55,0,0,0,0,0,0
257,Ferrigno Les Belles de Marseille Sardines au Pastis,7,Extra Virgin Olive Oil,Sardines,226,France,"3,850",55,0,0,0,0,0,0
258,"Ferrigno Les Belles de Marseille Sardines au Pescadou (Stewed in Lemon, Garlic, Parsley)",7,Extra Virgin Olive Oil,Sardines,226,France,"3,850",55,0,0,1,1,0,0
259,Ferrigno Les Belles de Marseille Vintage Sardines (2016),7,Extra Virgin Olive Oil,Sardines,226,France,"3,850",55,0,0,0,0,0,0
260,Ferrigno Les Belles de Marseille Vintage Sardines (2017),7,Extra Virgin Olive Oil,Sardines,226,France,"3,850",55,0,0,0,0,0,0
261,Ferrigno Les Belles de Marseille Vintage Sardines (2018),7,Extra Virgin Olive Oil,Sardines,226,France,"3,850",55,0,0,0,0,0,0
262,Ferrigno Oil’Lympic Sardines with Fennel and Anise,7,"Sunflower, Extra Virgin Olive Oil",Sardines,226,France,"3,850",55,0,0,0,0,1,0
263,Ferrigno Oil’Lympic Sardines with Onion Confit,7,"Sunflower, Extra Virgin Olive Oil",Sardines,226,France,"3,850",55,0,0,0,0,1,0
264,Ferrigno Oil’Lympic Sardines with Pesto (basil),7,"Sunflower, Extra Virgin Olive Oil",Sardines,226,France,"3,850",55,0,0,0,1,1,0
265,Flower Moroccan Sardines in Tomato Sauce,3.5,Soybean Oil,Sardines,226,Morocco,"3,680",75,0,0,0,0,0,1
266,Flower Moroccan Spiced Sardines,3.5,Olive Oil,Sardines,226,Morocco,"3,680",75,0,0,0,0,1,0
267,Groix & Nature Crab Rillettes,10.5,None,Crab,2,France,"3,850",55,0,0,0,0,0,0
268,Groix & Nature Indian Tuna Rillettes,10,None,albacore,2,France,"3,850",55,0,0,0,1,1,0
269,Groix & Nature Lobster Oil,22,Grapeseed Oil,Lobster ,2,France,"3,850",55,0,0,0,1,0,0
270,Groix & Nature Lobster Rillettes with Kari Gosse,16.5,Butter,"Lobster, Pollack, Scallop",7,France,"3,850",55,0,0,0,1,0,0
271,Groix & Nature Mackerel Rillettes with Sichuan Pepper,9,"Water, Cream",Mackerel,71,France,"3,850",55,0,0,0,1,0,0
272,Groix & Nature Salmon Rillettes,10.5,None,Salmon,23,France,"3,850",55,0,0,0,0,0,0
273,Groix & Nature Sardine Rillettes with Piment d'Espelette,9.5,Olive Oil,Sardines,226,France,"3,850",55,0,0,0,0,0,0
274,Groix & Nature Sardines in Extra Virgin Olive Oil,11.5,Extra Virgin Olive Oil,Sardines,226,France,"3,850",55,0,0,0,0,0,0
275,Groix & Nature Sardines with Lobster Oil,15.5,Grapeseed Oil,Sardines,226,France,"3,850",55,0,0,0,1,0,0
276,Groix & Nature Sardines with Seaweed Oil,15,Grapeseed Oil,Sardines,226,France,"3,850",55,0,0,0,0,0,0
277,Groix & Nature Scallop Rillettes,12.5,None,Scallop,9,France,"3,850",55,0,0,0,0,0,0
278,Groix & Nature Seaweed Tartare with Capers and Pickles,10.5,"Water,Vinegar",,,France,"3,850",55,0,0,0,1,0,0
279,Groix & Nature Smoked Mackerel Rillettes,8.5,None,Mackerel,71,France,"3,850",55,1,0,0,0,0,0
280,Groix & Nature Trout Rillettes from Brittany,10,None,Trout,8,France,"3,850",55,0,0,0,0,0,0
281,Groix & Nature White Tuna Rillettes,10.5,None,Albacore (Bonito del Norte),44,France,"3,850",55,0,0,0,1,0,0
282,Güeyu Mar Chargrilled Albacore Tuna Pâté,15,Extra Virgin Olive Oil,Albacore (Bonito del Norte),44,Spain,"3,700",64,0,1,0,0,0,0
283,Güeyu Mar Chargrilled Bluefin Tuna Pâté,15,Extra Virgin Olive Oil,Bluefin,9,Spain,"3,700",64,0,1,0,0,0,0
284,Güeyu Mar Chargrilled Bonito del Norte (Bonito a la Brasa),26,Extra Virgin Olive Oil,Albacore (Bonito del Norte),44,Spain,"3,700",64,0,1,0,0,0,0
285,Güeyu Mar Chargrilled Medium Mussels 14-16 (Mejillones a la Brasa),21,Extra Virgin Olive Oil,Mussels,55,Spain,"3,700",64,0,1,0,0,0,0
286,Güeyu Mar Chargrilled Octopus (Pulpo a la Brasa),26,Extra Virgin Olive Oil,Octopus,21,Spain,"3,700",64,0,1,0,0,0,0
287,Güeyu Mar Chargrilled Razor Clams,36,Olive Oil,Razor Clam,21,Spain,"3,700",64,0,1,0,0,0,0
288,Güeyu Mar Chargrilled Red Tuna Dark Loins (Lomo Negro de Atún),38,Extra Virgin Olive Oil,Bluefin,9,Spain,"3,700",64,0,1,0,0,0,0
289,Güeyu Mar Chargrilled Red Tuna Neck (Morillo de Atún),66,Extra Virgin Olive Oil,Bluefin,9,Spain,"3,700",64,0,1,0,0,0,0
290,Güeyu Mar Chargrilled Red Tuna Ventresca,48,Extra Virgin Olive Oil,Bluefin,9,Spain,"3,700",64,0,1,0,0,0,0
291,Güeyu Mar Chargrilled Red Tuna White Loin (Lomo Blanco de Atún),38,Extra Virgin Olive Oil,Bluefin,9,Spain,"3,700",64,0,1,0,0,0,0
292,Güeyu Mar Chargrilled Sardine Loins (Lomos de Sardinas),23,Extra Virgin Olive Oil,Sardines,226,Spain,"3,700",64,0,1,0,0,0,0
293,Güeyu Mar Chargrilled Sardine Loins in Escabeche (Lomos en Escabeche),20,Extra Virgin Olive Oil,Sardines,226,Spain,"3,700",64,0,1,0,0,0,0
294,Güeyu Mar Chargrilled Sardine Pâté,15,Extra Virgin Olive Oil,Sardines,226,Spain,"3,700",64,0,1,0,0,0,0
295,Güeyu Mar Chargrilled Sardine Tails,20,Olive Oil,Sardines,226,Spain,"3,700",64,0,1,0,0,0,0
296,Güeyu Mar Chargrilled Sardine Tails in Escabeche (Colas en Escabeche),20,Extra Virgin Olive Oil,Sardines,226,Spain,"3,700",64,0,1,0,0,0,0
297,Güeyu Mar Chargrilled Sardine Tails in Spicy Escabeche (Colas en Escabeche Picante),20,Extra Virgin Olive Oil,Sardines,226,Spain,"3,700",64,0,1,0,0,1,0
298,Güeyu Mar Chargrilled Sea Cucumber (Espardena),70,Extra Virgin Olive Oil,Sea Cucumber,1,Spain,"3,700",64,0,1,0,0,0,0
299,Güeyu Mar Chargrilled Small Mussels 20-24 (Mejillones a la Brasa),20,Extra Virgin Olive Oil,Mussels,55,Spain,"3,700",64,0,1,0,0,0,0
300,Güeyu Mar Chargrilled Spicy Cockles,44,Olive Oil,Cockles,18,Spain,"3,700",64,0,1,0,0,1,0
301,Güeyu Mar Squid (Calamari) from Another Planet,21,None,Squid,28,Spain,"3,700",64,0,1,0,0,0,0
302,Gulf of Maine Conservas Line Caught Bluefin Tuna in Olive Oil,22,Olive Oil,Bluefin,9,USA,0,0,0,0,0,0,0,0
303,Gulf of Maine Conservas Smoked Eel in Olive Oil,40,Olive Oil,Eel,9,USA,0,0,1,0,0,0,0,0
304,Gulf of Maine Conservas Tinkers (Atlantic Mackerel),16,Extra Virgin Olive Oil,Mackerel,71,USA,0,0,0,0,0,0,0,0
305,Hagoromo Broiled and Seasoned Saury (Sanma),4.5,Soy Sauce,Saury,2,Japan,"6,770",333,0,1,0,0,0,0
306,Hagoromo Mackerel in Miso,4.5,Miso,Mackerel,71,Japan,"6,770",333,0,0,0,0,0,0
307,Hagoromo Mackerel in Soy Sauce (Shoyu),4.5,Soy Sauce,Mackerel,71,Japan,"6,770",333,0,0,0,0,0,0
308,Hagoromo Sardines in Soy Sauce (Iwashi de Kenko),4.5,Soy Sauce,Sardines,226,Japan,"6,770",333,0,0,0,0,0,0
309,Hagoromo Saury (Sanma) in Soy Sauce (Shoyu),4.5,Soy Sauce,Saury,2,Japan,"6,770",333,0,0,0,0,0,0
310,Husmor Fish Balls in Brine,14.5,Brine,"Haddock, pollack, great silver smelt, pacific whiting, saithe",1.6,Norway,"3,800",38,0,0,0,0,0,0
311,"IASA Anchovy Fillets in Olive Oil, glass jar",14,Olive Oil,Anchovy,45,Italy,"4,270",56,0,0,0,0,0,0
312,IASA Anchovy Paste,5.5,Olive Oil,Anchovy,45,Italy,"4,270",56,0,0,0,0,0,0
313,IASA Branzino Grilled Sea Bass in Olive Oil,11.5,Olive Oil,Sea Bass (Branzino),1,Italy,"4,270",56,0,1,0,0,0,0
314,IASA Colatura di Alici di Cetara Anchovy Extract,26,Water,Anhovy,1,Italy,"4,270",56,0,0,0,0,0,0
315,IASA Mediterranean Dorade in Water,15,Water,Dorade (Sea Bream),1,Italy,"4,270",56,0,0,0,0,0,0
316,"IASA Spicy Anchovies in Olive Oil, glass jar",15,Olive Oil,Anchovy,45,Italy,"4,270",56,0,0,0,0,1,1
317,Jacques Gonidec Sardines in Organic EVOO,11,Extra Virgin Olive Oil Organic,Sardines,226,France,"3,850",55,0,0,0,0,0,0
318,Jacques Gonidec Sardines in Organic EVOO and Organic Onion Sauce,11,Extra Virgin Olive Oil Organic,Sardines,226,France,"3,850",55,0,0,1,0,0,0
319,Jacques Gonidec Sardines in Organic EVOO with Organic Hot Pepper,11,Extra Virgin Olive Oil Organic,Sardines,226,France,"3,850",55,0,0,0,0,1,0
320,Jacques Gonidec Sardines in Organic Extra Virgin Olive Oil with Organic Lemon,11,Extra Virgin Olive Oil Organic,Sardines,226,France,"3,850",55,0,0,1,0,0,0
321,Jacques Gonidec Sardines with Organic Basil and Organic Thyme in Organic Extra Virgin Olive Oil,11,Extra Virgin Olive Oil Organic,Sardines,226,France,"3,850",55,0,0,0,0,0,0
322,Jacques Gonidec Sardines with Sundried Tomatoes and Organic EVOO,11,Extra Virgin Olive Oil Organic,Sardines,226,France,"3,850",55,0,0,0,0,0,1
323,José Gourmet Cockles in Brine 25/30,36,Water,Cockles,18,Spain,"3,700",64,0,0,0,0,0,0
324,José Gourmet Codfish in Olive Oil and Garlic,13.5,Olive Oil,Cod,9,Portugal,"3,600",67,0,0,0,1,0,0
325,José Gourmet Fried Mussels in Marinade (Escabeche) 7/10,14.5,Olive Oil,Mussels,55,Spain,"3,700",64,0,0,0,0,0,0
326,José Gourmet Garfish in Extra Virgin Olive Oil,10,Extra Virgin Olive Oil,Garfish,7,Portugal,"3,600",67,0,0,0,0,0,0
327,José Gourmet Horse Mackerel (mistranslated as Stickleback) in Escabeche,12,"Water, Vinegar",Horse Mackerel,3,Spain,"3,700",64,0,0,0,0,1,0
328,José Gourmet Mackerel Fillets in Curry Sauce,14.5,Rapeseed Oil,Mackerel,71,Portugal,"3,600",67,0,0,0,0,1,0
329,José Gourmet Mackerel Fillets in Olive Oil,12,Olive Oil,Mackerel,71,Portugal,"3,600",67,0,0,0,0,0,0
330,José Gourmet Octopus in Olive Oil with Garlic,24,Olive Oil,Octopus,21,Spain,"3,700",64,0,0,0,1,0,0
331,José Gourmet Razor Clams in Brine 6/8,19.5,Water,Razor Clam,21,Spain,"3,700",64,0,0,0,0,0,0
332,José Gourmet Sardines in Extra Virgin Olive Oil,10,Extra Virgin Olive Oil,Sardines,226,Portugal,"3,600",67,0,0,0,0,0,0
333,José Gourmet Sardines in Tomato Sauce,10,Olive Oil,Sardines,226,Portugal,"3,600",67,0,0,0,0,0,1
334,José Gourmet Sardines with Lemon in Olive Oil,10,Olive Oil,Sardines,226,Portugal,"3,600",67,0,0,1,0,0,0
335,José Gourmet Small Mackerel in Olive Oil,10,Olive Oil,Mackerel,71,Portugal,"3,600",67,0,0,0,0,0,0
336,José Gourmet Small Sardines in Extra Virgin Olive Oil,10,Extra Virgin Olive Oil,Sardines,226,Portugal,"3,600",67,0,0,0,0,0,0
337,José Gourmet Small Sardines in Ravigote Sauce,13.5,Extra Virgin Olive Oil,Sardines,226,Portugal,"3,600",67,0,0,0,0,0,0
338,José Gourmet Small Sardines in Tomato Sauce,11,Olive Oil,Sardines,226,Spain,"3,700",64,0,0,0,1,0,1
339,José Gourmet Smoked Salmon in Extra Virgin Olive Oil,13.5,Extra Virgin Olive Oil,Salmon,23,Portugal,"3,600",67,1,0,0,0,0,0
340,José Gourmet Smoked Sardines in Extra Virgin Olive Oil,11,Extra Virgin Olive Oil,Sardines,226,Portugal,"3,600",67,1,0,0,0,0,0
341,José Gourmet Smoked Small Mackerel in Olive Oil,10,Olive Oil,Mackerel,71,Portugal,"3,600",67,1,0,0,0,0,0
342,José Gourmet Smoked Small Sardines in Extra Virgin Olive Oil,11,Extra Virgin Olive Oil,Sardines,226,Portugal,"3,600",67,1,0,0,0,0,0
343,José Gourmet Smoked Trout Fillets in Olive Oil,17,Olive Oil,Trout,8,Portugal,"3,600",67,1,0,0,0,0,0
344,José Gourmet Spiced Calamari in Ragout  Sauce,14.5,Vegetable Oil,Squid,28,Spain,"3,700",64,0,0,0,0,1,1
345,José Gourmet Spiced Octopus in Olive Oil,24,Olive Oil,Octopus,21,Spain,"3,700",64,0,0,0,0,1,0
346,José Gourmet Spiced Small Mackerel in Olive Oil,10,Olive Oil,Mackerel,71,Portugal,"3,600",67,0,0,0,0,1,0
347,José Gourmet Spiced Small Sardines in Olive Oil,10,Extra Virgin Olive Oil,Sardines,226,Portugal,"3,600",67,0,0,0,0,1,0
348,José Gourmet Stuffed Octopus in Olive Oil,19.5,Olive Oil,Octopus,21,Spain,"3,700",64,0,0,0,0,0,0
349,José Gourmet Stuffed Squid in Ink,20,Sunflower Oil,Squid,28,Spain,"3,700",64,0,0,0,0,0,0
350,José Gourmet Tuna Fillets in Olive Oil,14.5,Olive Oil,Skipjack,26,Portugal,"3,600",67,0,0,0,0,0,0
351,José Gourmet Ventresca of Yellowfin Tuna in Olive Oil,24,Olive Oil,Yellowfin,36,Spain,"3,700",64,0,0,0,0,0,0
352,"King Oscar ""Tiny Tots"" Brisling (Sprats) Sardines in Extra Virgin Olive Oil",3.5,Extra Virgin Olive Oil,Sprats,25,Poland,"4,300",44,1,0,0,0,0,0
353,"King Oscar Anchovies, Flat Fillets in Olive Oil",4,Olive Oil,Anchovies,12,Peru,"3,500",179,0,0,0,0,0,0
354,King Oscar Cross-Pack Sardines (Sprats) in Extra Virgin Olive Oil,4.5,Extra Virgin Olive Oil,Sprats,25,Poland,"4,300",44,1,0,0,0,0,0
355,King Oscar Kipper Snacks,3.75,Water,Herring,18,Poland and Germany,"4,300",#N/A,1,0,0,0,0,0
356,King Oscar Mackerel Fillets in Olive Oil,3.5,Olive Oil,Mackerel,71,Poland,"4,300",44,0,0,0,0,0,0
357,King Oscar Mackerel Fillets in Olive Oil with Lemon,3.5,Olive Oil,Mackerel,71,Poland,"4,300",44,0,0,1,0,0,0
358,King Oscar Mackerel Fillets Mediterranean Style,3.5,Olive Oil,Mackerel,71,Poland,"4,300",44,0,0,0,1,0,0
359,King Oscar Mackerel Fillets with Jalapeño Peppers,3.5,Olive Oil,Mackerel,71,Poland,"4,300",44,0,0,0,0,1,0
360,"King Oscar Royal Selection Sardines in Extra Virgin Olive Oil with Basil, Oregano, and Garlic",5,Extra Virgin Olive Oil,Sprats,25,Poland,"4,300",44,1,0,0,1,0,0
361,"King Oscar Royal Selection Sardines in Extra Virgin Olive Oil with Red Bell Pepper, Garlic, Rosemary & Hot Chili",5,Extra Virgin Olive Oil,Sprats,25,Poland,"4,300",44,1,0,0,1,1,0
362,King Oscar Royal Selection Sardines in Extra Virgin Olive Oil with Sliced Spanish Manzanilla Olives,5,Extra Virgin Olive Oil,Sprats,25,Poland,"4,300",44,1,0,0,0,0,0
363,King Oscar Salmon in Extra Virgin Olive Oil,5,Extra Virgin Olive Oil,Salmon,23,Poland,"4,300",44,0,0,0,0,0,0
364,King Oscar Salmon in Extra Virgin Olive Oil Mediterranean Style,5,Extra Virgin Olive Oil,Salmon,23,Poland,"4,300",44,0,0,0,1,0,0
365,King Oscar Salmon in Extra Virgin Olive Oil with Lemon,5,Extra Virgin Olive Oil,Salmon,23,Poland,"4,300",44,0,0,1,0,0,0
366,King Oscar Sardines (Sprats) in Dijon Mustard,3.5,Extra Virgin Olive Oil,Sprats,25,Poland,"4,300",44,1,0,0,0,0,0
367,King Oscar Sardines (Sprats) in Extra Virgin Olive Oil,3.5,Extra Virgin Olive Oil,Sprats,25,Poland,"4,300",44,1,0,0,0,0,0
368,King Oscar Sardines (Sprats) in Extra Virgin Olive Oil with Jalapeño Peppers,3.5,Extra Virgin Olive Oil,Sprats,25,Poland,"4,300",44,1,0,0,0,1,0
369,King Oscar Sardines (Sprats) in Extra Virgin Olive Oil with Lemon,3.5,Extra Virgin Olive Oil,Sprats,25,Poland,"4,300",44,1,0,1,0,0,0
370,King Oscar Sardines (Sprats) in Extra Virgin Olive Oil with Spicy Cracked Pepper,3.5,Extra Virgin Olive Oil,Sprats,25,Poland,"4,300",44,1,0,0,0,0,0
371,"King Oscar Sardines (Sprats) in Extra Virgin Olive Oil, White Wine Vinegar and Capers",3.5,Extra Virgin Olive Oil,Sprats,25,Poland,"4,300",44,1,0,0,0,0,0
372,King Oscar Sardines (Sprats) in Zesty Tomato Sauce,3.5,Extra Virgin Olive Oil,Sprats,25,Poland,"4,300",44,1,0,0,0,0,1
373,"King Oscar Sardines (Sprats) Mediterranean Style with Extra Virgin Olive Oil, Herbes de Provence, Red Bell Pepper, Black Olives and Garlic",3.5,Extra Virgin Olive Oil,Sprats,25,Poland,"4,300",44,1,0,0,1,0,0
374,King Oscar Skinless and Boneless Sardines in Olive Oil,3.5,Olive Oil,Sardines,226,Morocco,"3,680",75,0,0,0,0,0,0
375,King Oscar Skinless and Boneless Sardines Spanish Style Chili Pepper and Olive Oil,3.5,Olive Oil,Sardines,226,Morocco,"3,680",75,0,0,0,0,1,0
376,"King Oscar Yellowfin Tuna in Extra Virgin Olive Oil with Green Olives, Glass Jar",15,Extra Virgin Olive Oil,Yellowfin,36,El Salvador,"1,860",207,0,0,0,0,0,0
377,"King Oscar Yellowfin Tuna in Extra Virgin Olive Oil with Herbes de Provence, Glass Jar",15,Extra Virgin Olive Oil,Yellowfin,36,El Salvador,"1,860",207,0,0,0,0,0,0
378,"King Oscar Yellowfin Tuna in Extra Virgin Olive Oil with Jalapeño Peppers, Glass Jar",15,Extra Virgin Olive Oil,Yellowfin,36,El Salvador,"1,860",207,0,0,0,0,1,0
379,"King Oscar Yellowfin Tuna in Extra Virgin Olive Oil with Sun Dried Tomatoes, Glass Jar",15,Extra Virgin Olive Oil,Yellowfin,36,El Salvador,"1,860",207,0,0,0,0,0,0
380,La Barca Mussels in Escabeche 13/18,9.5,Sunflower Oil,Mussels,55,Spain,"3,700",64,0,0,0,0,0,0
381,La Barca Octopus in Olive Oil,20,Olive Oil,Octopus,21,Spain,"3,700",64,0,0,0,0,0,0
382,La Barca Sardines in Olive Oil,7.5,Olive Oil,Sardines,226,Spain,"3,700",64,0,0,0,0,0,0
383,La Barca Sardines in Olive Oil with Lemon,6.5,Olive Oil,Sardines,226,Spain,"3,700",64,0,0,1,0,0,0
384,La Barca Sardines in Olive Oil with Piri Piri,7,Olive Oil,Sardines,226,Spain,"3,700",64,0,0,0,0,1,0
385,La Barca Small Sardines in Olive Oil,6.5,Olive Oil,Sardines,226,Spain,"3,700",64,0,0,0,0,0,0
386,La Barca Squid in Ink,6,Sunflower Oil,Squid,28,Spain,"3,700",64,0,0,0,0,0,0
387,La Brújula Boneless & Skinless Sardine Filetes No. 36,30,Olive Oil,Sardines,226,Spain,"3,700",64,0,0,0,0,0,0
388,La Brújula Chipiron Tinta (Squid in Ink) 6/8 No. 81,16.5,Olive Oil,Squid,28,Spain,"3,700",64,0,0,0,0,0,1
389,La Brújula Chipirones (Baby Squid in Olive Oil) 2/3 No. 84,15,Olive Oil,Squid,28,Spain,"3,700",64,0,0,0,0,0,0
390,La Brújula Chipirones (Baby Squid in Olive Oil) No. 80,17,Olive Oil,Squid,28,Spain,"3,700",64,0,0,0,0,0,0
391,La Brújula Cockles in Brine 30/35 pieces No. 15,38,Water,Cockles,18,Spain,"3,700",64,0,0,0,0,0,0
392,"La Brújula Flat Anchovy Fillets in Olive Oil 12/15, No. 72",43,Olive Oil,Anchovy,45,Spain,"3,700",64,0,0,0,0,0,0
393,"La Brújula Mackerel Fillets in Olive Oil, No. 140",18,Olive Oil,Mackerel,71,Spain,"3,700",64,0,0,0,0,0,0
394,La Brújula Mussels in Escabeche (Mejillones in Escabeche) 16/20 No. 130,11.5,"Olive Oil, Sunflower Oil",Mussels,55,Spain,"3,700",64,0,0,0,0,0,0
395,La Brújula Mussels in Pickled Sauce (Mejillones in Escabeche) 12/16 No. 24,16,"Olive Oil, Sunflower Oil",Mussels,55,Spain,"3,700",64,0,0,0,0,0,0
396,La Brújula Mussels in Pickled Sauce (Mejillones in Escabeche) 6/8 No. 21,18,"Olive Oil, Sunflower Oil",Mussels,55,Spain,"3,700",64,0,0,0,0,0,0
397,La Brújula Mussels in Pickled Sauce (Mejillones in Escabeche) 6/8 No. 26,24,Sunflower Oil,Mussels,55,Spain,"3,700",64,0,0,0,0,0,0
398,La Brújula Mussels in Pickled Sauce (Mejillones in Escabeche) 8/12 No. 23,18,"Olive Oil, Sunflower Oil",Mussels,55,Spain,"3,700",64,0,0,0,0,0,0
399,La Brújula Pulpo Con Pimentón (Octopus in Paprika Sauce) No. 83,45.5,Olive Oil,Octopus,21,Spain,"3,700",64,0,0,0,0,0,0
400,La Brújula Razor Clams (Navajas) No. 6,30,Water,Razor Clam,21,Spain,"3,700",64,0,0,0,0,0,0
401,"La Brújula Razor Clams (Navajas) No. 7, 6/8",30,Salt Brine,Razor Clam,21,Spain,"3,700",64,0,0,0,0,0,0
402,"La Brújula Sardinas Guisadas (Fried Sardines in Sauce) ""Xoubas"" No. 35",18,Olive Oil,Sardines,226,Spain,"3,700",64,0,0,0,0,1,1
403,La Brújula Sardines in Olive Oil 3/4 Pieces No. 34,13,Olive Oil,Sardines,226,Spain,"3,700",64,0,0,0,0,0,0
404,La Brújula Sardinillas (Small Sardines) 16/20 count No. 31,13,Olive Oil,Sardines,226,Spain,"3,700",64,0,0,0,0,0,0
405,La Brújula Scallops (Zamburiñas) in Sauce No. 90,29,Olive Oil,Scallop,9,Spain,"3,700",64,0,0,0,0,1,1
406,La Brújula Sea Urchin (Huevas de Erizo de Mar) No. 91,90,Water,Urchin Roe,2,Spain,"3,700",64,0,0,0,0,0,0
407,La Brújula Suprema Yellowfin Tuna Belly (Ventresca) No. 65,21,Olive Oil,Yellowfin,36,Spain,"3,700",64,0,0,0,0,0,0
408,"La Brújula White Tuna (Bonito del Norte) in Olive Oil, No. 51, Glass Jar",35,Olive Oil,Albacore (Bonito del Norte),44,Spain,"3,700",64,0,0,0,0,0,0
409,La Brújula White Tuna in Olive Oil No. 54,15,Olive Oil,Albacore (Bonito del Norte),44,Spain,"3,700",64,0,0,0,0,0,0
410,La Brújula Yellowfin Tuna Belly (Ventresca) No. 60,21,Olive Oil,Yellowfin,36,Spain,"3,700",64,0,0,0,0,0,0
411,"La Brújula Yellowfin Tuna Belly (Ventresca) No. 61, Large Format",37,Olive Oil,Yellowfin,36,Spain,"3,700",64,0,0,0,0,0,0
412,"La Brújula Yellowfin Tuna in Olive Oil, No. 62 Large Format",62,Olive Oil,Yellowfin,36,Spain,"3,700",64,0,0,0,0,0,0
413,Los Peperetes Barnacles (Percebes) in Brine,55,Brine,Barnacle,1,Spain,"3,700",64,0,0,0,0,0,0
414,"Los Peperetes Mussels in Escabeche, Medium, 10/12",38,Olive Oil,Mussels,55,Spain,"3,700",64,0,0,0,0,0,0
415,Los Peperetes Octopus in Paprika,50,Olive Oil,Octopus,21,Spain,"3,700",64,0,0,0,1,0,0
416,Luças Cod in Olive Oil and Garlic,21,Olive Oil,Cod,9,Spain,"3,700",64,0,0,0,1,0,0
417,Luças Mackerel Fillets in Mustard Sauce,12,Sunflower Oil,Mackerel,71,Spain,"3,700",64,0,0,0,0,0,0
418,Luças Mussels in Escabeche 12/16,15.5,Sunflower Oil,Mussels,55,Spain,"3,700",64,0,0,0,1,0,0
419,Luças Mussels in Spicy Escabeche 12/16,15.5,Sunflower Oil,Mussels,55,Spain,"3,700",64,0,0,0,1,1,0
420,Luças Octopus in Olive Oil,22.5,Olive Oil,Octopus,21,Spain,"3,700",64,0,0,0,0,0,0
421,Luças Sardines in Olive Oil with Lemon,9.5,Olive Oil,Sardines,226,Spain,"3,700",64,0,0,1,0,0,0
422,Luças Sardines in Olive Oil with Tomato,9.5,Olive Oil,Sardines,226,Spain,"3,700",64,0,0,0,0,0,1
423,Luças Skipjack Tuna Filets in Olive Oil,15.5,Olive Oil,Skipjack,26,Spain,"3,700",64,0,0,0,0,0,0
424,Luças Small Sardines (Petingas) in Olive Oil,8.5,Olive Oil,Sardines,226,Spain,"3,700",64,0,0,0,0,0,0
425,Luças Spicy Sardines in Olive Oil with Piri-Piri,9.5,Olive Oil,Sardines,226,Spain,"3,700",64,0,0,0,0,1,0
426,Luças Stuffed Squid in Mediterranean Sauce,18,Sunflower Oil,Squid,28,Spain,"3,700",64,0,0,0,0,0,1
427,Luças Vintage 2020 Sardines in Occidens EVOO,11,Extra Virgin Olive Oil,Sardines,226,Spain,"3,700",64,0,0,0,0,0,0
428,Luças Yellowfin Tuna Belly (Ventresca) in Olive Oil,24,Olive Oil,Yellowfin Tuna Belly,1,Spain,"3,700",64,0,0,0,0,0,0
429,Mabuti Sardines in Olive Oil and Tomato Sauce,8.5,Olive Oil,Sardines,226,Portugal,"3,600",67,0,0,0,0,0,1
430,Maria Organic Mackerel Fillets in Organic EVOO,13,Extra Virgin Olive Oil Organic,Mackerel,71,Portugal,"3,600",67,0,0,0,0,0,0
431,Maria Organic Sardines in Organic EVOO,11,Extra Virgin Olive Oil Organic,Sardines,226,Portugal,"3,600",67,0,0,0,0,0,0
432,Maria Organic Sardines in Organic Tomatoes and Organic EVOO,11,Extra Virgin Olive Oil Organic,Sardines,226,Portugal,"3,600",67,0,0,0,0,0,1
433,Maria Organic Small Sardines in Organic EVOO,11,Extra Virgin Olive Oil Organic,Sardines,226,Spain,"3,700",64,0,0,0,0,0,0
434,Maria Organic Spiced Mackerel Fillets in Organic EVOO,13,Extra Virgin Olive Oil Organic,Mackerel,71,Portugal,"3,600",67,0,0,0,0,1,0
435,Maria Organic Spiced Small Sardines in Organic EVOO,11,Extra Virgin Olive Oil Organic,Sardines,226,Spain,"3,700",64,0,0,0,0,1,0
436,Marusa Shirasu Whitebait (“Anchovies”) with Garlic Flakes and Togarishi,14.5,Extra Virgin Olive Oil,"Anchovies, Whitebait",47,Japan,"6,770",333,0,0,0,1,1,0
437,Mary Manette Smoked Canadian Mussels,18,Mussel Nectar,Mussels,55,Canada,200,319,1,0,0,0,0,0
438,Mary Manette Smoked Salmon Pâté,13,,Salmon,23,Canada,200,319,1,0,1,1,0,0
439,Mary Manette Smoked Wild Nova Scotia Herring,12,None,Herring,18,Canada,200,319,1,0,0,0,0,0
440,Matiz Bonito del Norte in Spanish Olive Oil,9.5,Olive Oil,Albacore (Bonito del Norte),44,Spain,"3,700",64,0,0,0,0,0,0
441,Matiz Cockles in Brine,12,Water,Cockles,18,Spain,"3,700",64,0,0,0,0,0,0
442,Matiz Giant Calamari with White Beans and Paprika,10.5,Sunflower Oil,Giant Calamari,1,Spain,"3,700",64,0,0,0,0,0,0
443,Matiz Lightly Smoked Sardines in Spanish Olive Oil,5.5,Olive Oil,Sardines,226,Spain,"3,700",64,1,0,0,0,0,0
444,Matiz Mackerel in Organic Extra Virgin Olive Oil,6.5,Extra Virgin Olive Oil Organic,Mackerel,71,Spain,"3,700",64,0,0,0,0,0,0
445,Matiz Octopus (Wild Pulpo) in Spanish Olive Oil,14,Olive Oil,Octopus,21,Spain,"3,700",64,0,0,0,0,0,0
446,Matiz Organic Mussels in Olive Oil & Vinegar (en Escabeche),10.5,Extra Virgin Olive Oil Organic,Mussels,55,Spain,"3,700",64,0,0,0,0,0,0
447,Matiz Sardines in Spanish Olive Oil,5,Olive Oil,Sardines,226,Spain,"3,700",64,0,0,0,0,0,0
448,Matiz Sardines with Lemon,5,Sunflower Oil,Sardines,226,Spain,"3,700",64,0,0,1,0,0,0
449,Matiz Small Sardines with Sweet Piquillo Peppers,6.5,Olive Oil,Sardines,226,Spain,"3,700",64,0,0,0,0,0,0
450,Matiz Spicy Sardines with Piri Piri Pepper,5.5,Olive Oil,Sardines,226,Spain,"3,700",64,0,0,0,0,1,0
451,Matiz Wild Cod in Spanish Olive Oil,11,Olive Oil,Cod,9,Spain,"3,700",64,0,0,0,0,0,0
452,Minerva Mackerel Fillets in Olive Oil,9,Olive Oil,Mackerel,71,Portugal,"3,600",67,0,0,0,0,0,0
453,Minerva Mackerel Fillets in Organic Extra Virgin Olive Oil,14,Extra Virgin Olive Oil Organic,Mackerel,71,Portugal,"3,600",67,0,0,0,0,0,0
454,Minerva Mackerel Fillets in Spiced Olive Oil with Pickles,9,Olive Oil,Mackerel,71,Portugal,"3,600",67,0,0,0,0,1,0
455,Minerva Sardines in Olive Oil,7,Olive Oil,Sardines,226,Portugal,"3,600",67,0,0,0,0,0,0
456,Minerva Sardines in Olive Oil in Tomato,7,Olive Oil,Sardines,226,Portugal,"3,600",67,0,0,0,0,0,1
457,Minerva Sardines in Olive Oil with Lemon,7,Olive Oil,Sardines,226,Portugal,"3,600",67,0,0,1,0,0,0
458,Minerva Sardines in Organic Extra Virgin Olive Oil,11,Extra Virgin Olive Oil Organic,Sardines,226,Portugal,"3,600",67,0,0,0,0,0,0
459,Minerva Sardines in Organic Extra Virgin Olive Oil with Piri Piri Pepper,11,Extra Virgin Olive Oil Organic,Sardines,226,Portugal,"3,600",67,0,0,0,0,1,0
460,Minerva Sardines in Spicy Olive Oil with Pickled Vegetables,7,Olive Oil,Sardines,226,Portugal,"3,600",67,0,0,0,0,1,0
461,Minerva Sardines Skinless & Boneless in Hot Tomato Sauce,9.5,Olive Oil,Sardines,226,Portugal,"3,600",67,0,0,0,0,1,1
462,Minerva Sardines Skinless & Boneless in Olive Oil,9.5,Olive Oil,Sardines,226,Portugal,"3,600",67,0,0,0,0,0,0
463,Minerva Sardines Skinless & Boneless in Spiced Olive Oil and Pickles,9,Olive Oil,Sardines,226,Portugal,"3,600",67,0,0,0,0,1,0
464,Minerva Skipjack Tuna Fillets in Olive Oil,11.5,Olive Oil,Skipjack,26,Portugal,"3,600",67,0,0,0,0,0,0
465,Minerva Skipjack Tuna Fillets in Organic Extra Virgin Olive Oil,14.5,Extra Virgin Olive Oil Organic,Skipjack,26,Portugal,"3,600",67,0,0,0,0,0,0
466,Minerva Skipjack Tuna Fillets in Spiced Olive Oil,11,Olive Oil,Skipjack,26,Portugal,"3,600",67,0,0,0,0,1,0
467,Minerva Ventresca of Yellowfin Tuna in Olive Oil,16.5,Olive Oil,Yellowfin,36,Portugal,"3,600",67,0,0,0,0,0,0
468,Mouettes d'Arvor Boneless Whole Sardines in Extra Virgin Olive Oil,14,Extra Virgin Olive Oil Organic,Sardines,226,France,"3,850",55,0,0,0,0,0,0
469,Mouettes d’Arvor Cod Liver,7,Cod Liver Oil,Cod Liver,1,France,"3,850",55,0,0,0,0,0,0
470,Mouettes d'Arvor Filets de maquereaux au naturel (Mackerel Fillets in Brine),9,Water,Mackerel,71,France,"3,850",55,0,0,0,0,0,0
471,Mouettes d'Arvor Mackerel Fillets in Catalan Sauce (Filets de Maquereaux à la Catalane),10.5,Sunflower Oil,Mackerel,71,France,"3,850",55,0,0,0,0,0,1
472,Mouettes d'Arvor Mackerel Fillets in Escabeche,10.5,Sunflower Oil,Mackerel,71,France,"3,850",55,0,0,0,0,0,1
473,Mouettes d'Arvor Mackerel Fillets with Lemon and Basil,10.5,Sunflower Oil,Mackerel,71,France,"3,850",55,0,0,1,0,0,0
474,Mouettes d'Arvor Mackerel Fillets with Organic Brittany Seaweed,10,Extra Virgin Olive Oil,Mackerel,71,France,"3,850",55,0,0,0,0,0,0
475,Mouettes d'Arvor Mackerel in Muscadet Wine & Herbs,9,Water,Mackerel,71,France,"3,850",55,0,0,0,0,0,0
476,Mouettes d'Arvor Mackerel in Mustard & Crème Fraiche,9,Sunflower Oil,Mackerel,71,France,"3,850",55,0,0,0,1,0,0
477,Mouettes d’Arvor Rillettes de Langoustine aux graines de Souchet (Langoustine Rillettes with Tiger Nuts),11,Sunflower Oil,Norway lobster,1,France,"3,850",55,0,0,0,1,0,0
478,Mouettes d'Arvor Rillettes de Maquereaux à la moutarde à l'ancienne (Mackerel Rillette with whole grain mustard),9,Sunflower Oil,Mackerel,71,France,"3,850",55,0,0,0,0,0,0
479,Mouettes d'Arvor Rillettes de Merlu au cidre (Hake rillettes with cider),9,Sunflower Oil,Hake,6,France,"3,850",55,0,0,0,1,0,0
480,Mouettes d'Arvor Rillettes de noix de Saint-Jacques (Scallop Rillettes),12,"Butter, Sunflower Oil",Scallop,9,France,"3,850",55,0,0,0,1,0,0
481,Mouettes d'Arvor Rillettes de Thon Blanc aux tomates séchées (Albacore with sun-dried tomatoes),9.5,Sunflower Oil,Albacore (Bonito del Norte),44,France,"3,850",55,0,0,0,1,0,1
482,Mouettes d'Arvor Rillettes of Salmon w/ Lemon & Dill,9,Sunflower Oil,Salmon,23,France,"3,850",55,0,0,1,0,0,0
483,Mouettes d'Arvor Rillettes of Tuna & Fromage Frais,9,Sunflower Oil,Skipjack,26,France,"3,850",55,0,0,0,1,0,0
484,Mouettes d'Arvor Sardine Fillets in Extra Virgin Olive Oil,10,Extra Virgin Olive Oil,Sardines,226,France,"3,850",55,0,0,0,0,0,0
485,Mouettes d'Arvor Sardine Rillettes with Fresh Tomato,9,Sunflower Oil,Sardines,226,France,"3,850",55,0,0,0,0,0,1
486,Mouettes d'Arvor Sardines in EVOO w/ Lemon Confit & Chili Pepper,9.5,Extra Virgin Olive Oil,Sardines,226,France,"3,850",55,0,0,1,0,1,0
487,Mouettes d'Arvor Sardines in EVOO with Basil and Thyme,11,Extra Virgin Olive Oil,Sardines,226,France,"3,850",55,0,0,0,0,0,0
488,Mouettes d'Arvor Sardines in Extra Virgin Olive Oil,11,Extra Virgin Olive Oil,Sardines,226,France,"3,850",55,0,0,0,0,0,0
489,Mouettes d'Arvor Sardines in Extra Virgin Olive Oil and Chili (Pili-Pili),11,Extra Virgin Olive Oil,Sardines,226,France,"3,850",55,0,0,0,0,1,0
490,Mouettes d'Arvor Sardines in Extra Virgin Olive Oil and Lemon,11,Extra Virgin Olive Oil,Sardines,226,France,"3,850",55,0,0,1,0,0,0
491,Mouettes d'Arvor Sardines in Extra Virgin Olive Oil and Tomato Sauce,10,Extra Virgin Olive Oil,Sardines,226,France,"3,850",55,0,0,0,0,0,1
492,Mouettes d'Arvor Sardines in Extra Virgin Olive Oil with Sichuan Pepper,11,Extra Virgin Olive Oil,Sardines,226,France,"3,850",55,0,0,0,0,0,0
493,"Mouettes d'Arvor Sardines in Extra Virgin Olive Oil, Commemorative ""Brest 2020""",16,Extra Virgin Olive Oil,Sardines,226,France,"3,850",55,0,0,0,0,0,0
494,"Mouettes d'Arvor Sardines in Extra Virgin Olive Oil, Vintage ""Saison 2018""",13,Extra Virgin Olive Oil,Sardines,226,France,"3,850",55,0,0,0,0,0,0
495,"Mouettes d'Arvor Sardines in Extra Virgin Olive Oil, Vintage ""Saison 2020""",13.5,Extra Virgin Olive Oil,Sardines,226,France,"3,850",55,0,0,0,0,0,0
496,"Mouettes d'Arvor Sardines in Extra Virgin Olive Oil, Vintage ""Saison 2021""",12.5,Extra Virgin Olive Oil,Sardines,226,France,"3,850",55,0,0,0,0,0,0
497,"Mouettes d’Arvor Sardines in Extra Virgin Olive Oil, Vintage “Saison 2022”",12.5,Extra Virgin Olive Oil,Sardines,226,France,"3,850",55,0,0,0,0,0,0
498,"Mouettes d'Arvor Sardines in Extra Virgin Olive Oil, Vintage ""Ville bleue 2019""",11,Extra Virgin Olive Oil,Sardines,226,France,"3,850",55,0,0,0,0,0,0
499,"Mouettes d'Arvor Sardines in Extra Virgin Olive Oil, Vintage ""Ville Bleue 2020""",13.5,Extra Virgin Olive Oil,Sardines,226,France,"3,850",55,0,0,0,0,0,0
500,"Mouettes d'Arvor Sardines in Extra Virgin Olive Oil, Vintage “Ville Bleue 2021”",12.5,Extra Virgin Olive Oil,Sardines,226,France,"3,850",55,0,0,0,0,0,0
501,"Mouettes d’Arvor Sardines in Extra Virgin Olive Oil, Vintage “Ville Bleue 2022”",12.5,Extra Virgin Olive Oil,Sardines,226,France,"3,850",55,0,0,0,0,0,0
502,"Mouettes d’Arvor Sardines in Extra Virgin Olive Oil, Vintage “Ville Bleue 2023”",12.5,Extra Virgin Olive Oil,Sardines,226,France,"3,850",55,0,0,0,0,0,0
503,Mouettes d'Arvor Sardines in Olive Oil with Sun-Dried Tomatoes,11,Extra Virgin Olive Oil,Sardines,226,France,"3,850",55,0,0,0,0,0,1
504,Mouettes d'Arvor Sardines in Organic Extra Virgin Olive Oil with Brittany Seaweed,10,Extra Virgin Olive Oil Organic,Sardines,226,France,"3,850",55,0,0,0,0,0,0
505,Mouettes d'Arvor Sardines in Organic Extra Virgin Olive Oil with Piment d'Espelette,10,Extra Virgin Olive Oil Organic,Sardines,226,France,"3,850",55,0,0,0,0,0,0
506,"Mouettes d'Arvor Sardines in Organic Extra Virgin Olive Oil with Yuzu, Orange and Grapefruit",10,"Sunflower, Rapeseed Oil",Sardines,226,France,"3,850",55,0,0,1,0,0,0
507,Mouettes d'Arvor Sardines in Peanut Oil,11,Peanut Oil,Sardines,226,France,"3,850",55,0,0,0,0,0,0
508,Mouettes d'Arvor Sardines with Butter & Sea Salt from Guérande,11.5,Butter,Sardines,226,France,"3,850",55,0,0,0,0,0,0
509,"Mouettes d'Arvor Sardines with Persillade (butter, garlic, parsley)",11.5,Butter,Sardines,226,France,"3,850",55,0,0,0,1,0,0
510,Mouettes d'Arvor Sardinettes in Olive Oil 8/10,11.5,Extra Virgin Olive Oil,Sardines,226,France,"3,850",55,0,0,0,0,0,0
511,Mouettes d'Arvor Sardinettes in Olive Oil with Lemon 8/10,11.5,Extra Virgin Olive Oil,Sardines,226,France,"3,850",55,0,0,1,0,0,0
512,Mouettes d'Arvor Sardinettes in Olive Oil with Piment d'Espelette 8/10,11.5,Extra Virgin Olive Oil,Sardines,226,France,"3,850",55,0,0,0,0,0,0
513,Mouettes d’Arvor Thon à la Catalane Bio (Skipjack Tuna in Organic Catalan Sauce),10.5,Sunflower Oil,Skipjack,26,France,"3,850",55,0,0,0,0,0,1
514,Mouettes d’Arvor Thon au Citron Confit au Gingembre Bio (Skipjack Tuna with Organic Lemon and Ginger Confit),10.5,"Extra Virgin Olive Oil, Sunflower Oil",Skipjack,26,France,"3,850",55,0,0,1,0,0,0
515,Mouettes d'Arvor Thon Blanc Germon (Albacore) Steak in Organic Extra Virgin Olive Oil,16,Extra Virgin Olive Oil Organic,Albacore (Bonito del Norte),44,France,"3,850",55,0,0,0,0,0,0
516,Mouettes d'Arvor Tuna Rillettes with Green Peppercorn (Rillettes de Thon au poivre vert),9,Sunflower Oil,Skipjack,26,France,"3,850",55,0,0,0,0,0,0
517,Mouettes d'Arvor Whole Anchovy in Extra Virgin Olive Oil,10.5,Extra Virgin Olive Oil,Anchovy,45,France,"3,850",55,0,0,0,0,0,0
518,Nissui Mackerel in Miso,4.5,Miso,Mackerel,71,Japan,"6,770",333,0,0,0,0,0,0
519,Nissui Mackerel in Oil,4.5,Soybean Oil,Mackerel,71,Japan,"6,770",333,0,0,0,0,0,0
520,Nissui Mackerel in Soy Sauce,4.5,Soy Sauce,Mackerel,71,Japan,"6,770",333,0,0,0,0,0,0
521,Nissui Whole Sardines in Miso (Iwashi Miso Ni),4.5,Miso,Sardines,226,Japan,"6,770",333,0,0,0,0,0,0
522,Nissui Whole Sardines in Sweet Soy Sauce (Iwashi Ajitsuke),4.5,Soy Sauce,Sardines,226,Japan,"6,770",333,0,0,0,0,0,0
523,Nuri Mackerel Fillets in Olive Oil,8.5,Olive Oil,Mackerel,71,Portugal,"3,600",67,0,0,0,0,0,0
524,Nuri Sardines in Extra Spicy Olive Oil 3/5,8.5,Olive Oil,Sardines,226,Portugal,"3,600",67,0,0,0,0,1,0
525,Nuri Sardines in Olive Oil 3/5,7,Olive Oil,Sardines,226,Portugal,"3,600",67,0,0,0,0,0,0
526,Nuri Sardines in Spiced Tomato Sauce 3/5,7,Olive Oil,Sardines,226,Portugal,"3,600",67,0,0,0,0,1,1
527,Nuri Sardines in Tomato Sauce 3/5,7,Olive Oil,Sardines,226,Portugal,"3,600",67,0,0,0,0,0,1
528,Nuri Special Edition Sardines with Lemon,8,Olive Oil,Sardines,226,Portugal,"3,600",67,0,0,1,0,0,0
529,Nuri Spiced Mackerel Fillets in Olive Oil,8.5,Olive Oil,Mackerel,71,Portugal,"3,600",67,0,0,0,0,1,0
530,Nuri Spiced Sardine Pâté,8,Olive Oil,Sardines,226,Portugal,"3,600",67,0,0,0,0,1,1
531,Nuri Spiced Sardines in Olive Oil 3/5,7,Olive Oil,Sardines,226,Portugal,"3,600",67,0,0,0,0,1,0
532,Nuri Spiced Small Whole Mackerel in Olive Oil,7,Olive Oil,Mackerel,71,Portugal,"3,600",67,0,0,0,0,1,0
533,Ocean’s Brisling Sardines (Sprats) in Olive Oil,5,Olive Oil,Sprats,25,Scotland,"3,460",45,0,0,0,0,0,0
534,Ocean’s Brisling Sardines (Sprats) Mediterranean,5,"Water, Vinegar",Sprats,25,Scotland,"3,460",45,0,0,0,1,0,0
535,Ocean’s Mackerel Fillets in Korma Curry Sauce,5,Sunflower Oil,Mackerel,71,Scotland,"3,460",45,0,0,0,1,1,1
536,"Ocean’s Mackerel Fillets with Black Olive, Red Pepper and Herbs",5,"Sunflower,Rapeseed Oil",Mackerel,71,Scotland,"3,460",45,0,0,0,1,1,0
537,Ocean’s Mackerel Fillets with Jalapeño,5,Sunflower Oil,Mackerel,71,Scotland,"3,460",45,0,0,0,0,0,0
538,Ocean’s Smoked Mackerel with Juniper and Coriander,6.5,Sunflower Oil,Mackerel,71,Scotland,"3,460",45,1,0,0,0,0,0
539,Ocean’s Smoked Peppered Mackerel,6.5,Sunflower Oil,Mackerel,71,Scotland,"3,460",45,1,0,0,0,0,0
540,Ocean’s Sweet Smoked Mackerel,6.5,Sunflower Oil,Mackerel,71,Scotland,"3,460",45,1,0,0,0,0,0
541,Officer Smoked Cod Liver,5,None,Cod,9,Denmark,"3,830",42,1,0,0,0,0,0
542,Ohotomorye Smoked Smelt (Korushka),8.5,Vegetable Oil,Smelt,1,Russia,"4,750",359,1,0,0,0,0,0
543,Olasagasti Anchovies a la Basque (Donostiarra),12,Olive Oil,Anchovy,45,Spain,"3,700",64,0,0,0,1,1,0
544,Olasagasti Anchovy Fillets,11,Olive Oil,Anchovy,45,Spain,"3,700",64,0,0,0,0,0,0
545,Olasagasti Atun Claro (Yellowfin Tuna) in Olive Oil,10,Olive Oil,Yellowfin,36,Spain,"3,700",64,0,0,0,0,0,0
546,"Olasagasti Atun Rojo (Bluefin) in EVOO, Large Format",36,Olive Oil,Bluefin,9,Spain,"3,700",64,0,0,0,0,0,0
547,"Olasagasti Bonito del Norte (Albacore) Loins in Olive Oil, Glass Jar",24,Olive Oil,White Tuna,1,Italy,"4,270",56,0,0,0,0,0,0
548,Olasagasti Bonito Del Norte in EVOO,13,Olive Oil,Albacore (Bonito del Norte),44,Spain,"3,700",64,0,0,0,0,0,0
549,"Olasagasti Lomo de atún a la siciliana, en salsa tomates secos (Tuna Fillet in Sun-Dried Tomato Sauce)",13,Sunflower Oil,Bigeye,7,Italy,"4,270",56,0,0,0,1,0,1
550,"Olasagasti Lomo de atún a la toscana, con alubias blancas (Tuna Fillet a la Toscana (with white bean stew))",13,Olive Oil,Bigeye,7,Italy,"4,270",56,0,0,0,0,0,0
551,Olasagasti Lomo de atún con piperrada (Tuna Fillet with Basque Piperade),13,Olive Oil,Bigeye,7,Italy,"4,270",56,0,0,0,0,0,1
552,Olasagasti Lomo de atún con pisto mediterráneo (Tuna Fillet with Mediterranean Ratatouille (Pisto)),13,Olive Oil,Bigeye,7,Italy,"4,270",56,0,0,0,0,0,0
553,Olasagasti Lomo de atún encebollado (Tuna Fillet with Sauteed Onion and Balsamic Vinegar),13,Olive Oil,Bigeye,7,Italy,"4,270",56,0,0,0,0,0,0
554,Olasagasti Ventresca de Atun Claro (Yellowfin Tuna Belly) in Olive Oil,22,Olive Oil,Yellowfin,36,Italy,"4,270",56,0,0,0,0,0,0
555,Old Fisherman Roast Eel,3.5,Soy Sauce,Eel,9,Taiwan,"7,800",343,0,0,0,0,0,0
556,Old Fisherman Roast Eel Black Pepper,3.5,Canola Oil,Eel,9,Taiwan,"7,800",343,0,0,0,0,0,0
557,Old Fisherman Roast Eel Chili,3.5,Soy Sauce,Eel,9,Taiwan,"7,800",343,0,0,0,0,1,0
558,Old Fisherman Roasted Eel,3.5,Soy Sauce,Eel,9,Taiwan,"7,800",343,0,0,0,0,0,0
559,Old Fisherman Roasted Eel with Fermented Black Beans,3.5,Soy Sauce,Eel,9,Taiwan,"7,800",343,0,0,0,0,0,0
560,Old Fisherman Roasted Eel with Fermented Black Beans,3.5,Soy Sauce,Eel,9,Taiwan,"7,800",343,0,0,0,0,0,0
561,Orpagu Swordfish Belly (Ventresca) in Olive Oil,22,Olive Oil,Swordfish,2,Spain,"3,700",64,0,0,0,0,0,0
562,"Orpagu Swordfish Loin in Olive Oil, glass jar",32,Olive Oil,Swordfish,2,Spain,"3,700",64,0,0,0,0,0,0
563,Orpagu Tuna Belly (Ventresca) in Olive Oil,18,Olive Oil,Bigeye & Yellowfin,21.5,Spain,"3,700",64,0,0,0,0,0,0
564,"Orpagu Tuna Loins in Olive Oil, glass jar",22,Olive Oil,Bigeye & Yellowfin,21.5,Spain,"3,700",64,0,0,0,0,0,0
565,"Ortiz Anchovy Fillets in Extra Virgin Olive Oil ""Antigua"" (Old Style, skin-on), jar",18,Extra Virgin Olive Oil,Anchovy,45,Spain,"3,700",64,0,0,0,0,0,0
566,"Ortiz Anchovy Fillets in Olive Oil, jar",19,Olive Oil,Anchovy,45,Spain,"3,700",64,0,0,0,0,0,0
567,"Ortiz Anchovy Fillets in Olive Oil, tin",8,Olive Oil,Anchovy,45,Spain,"3,700",64,0,0,0,0,0,0
568,"Ortiz Bonito del Norte in Olive Oil, 112g Oval",11,Olive Oil,Albacore (Bonito del Norte),44,Spain,"3,700",64,0,0,0,0,0,0
569,"Ortiz Bonito del Norte in Olive Oil, 250g Round with Lid",23,Olive Oil,Albacore (Bonito del Norte),44,Spain,"3,700",64,0,0,0,0,0,0
570,"Ortiz Bonito del Norte in Olive Oil, 92g Round",7.5,Olive Oil,Albacore (Bonito del Norte),44,Spain,"3,700",64,0,0,0,0,0,0
571,"Ortiz Bonito del Norte in Olive Oil, Glass Jar",21,Olive Oil,Albacore (Bonito del Norte),44,Spain,"3,700",64,0,0,0,0,0,0
572,Ortiz Family Reserve Bonito del Norte in Extra Virgin Olive Oil,11,Extra Virgin Olive Oil,Albacore (Bonito del Norte),44,Spain,"3,700",64,0,0,0,0,0,0
573,"Ortiz Family Reserve Bonito del Norte in Extra Virgin Olive Oil, Glass Jar",28.5,Olive Oil,Albacore (Bonito del Norte),44,Spain,"3,700",64,0,0,0,0,0,0
574,"Ortiz Mackerel Fillets in Olive Oil, glass jar",18,Olive Oil,Mackerel,71,Spain,"3,700",64,0,0,0,0,0,0
575,Ortiz Ria de Arosa Mussels in Escabeche 10/14,11,Olive Oil,Mussels,55,Spain,"3,700",64,0,0,0,0,0,0
576,Ortiz Salt-Packed Whole Anchovies,9,None,Anchovy,45,Spain,"3,700",64,0,0,0,0,0,0
577,"Ortiz Sardinas a la Antigua ""Old Style"" Sardines in Extra Virgin Olive Oil, Glass Jar",12,Olive Oil,Sardines,226,Spain,"3,700",64,0,0,0,0,0,0
578,"Ortiz Sardinas a la Antigua ""Old Style"" Sardines in Extra Virgin Olive Oil, tin",8,Olive Oil,Sardines,226,Spain,"3,700",64,0,0,0,0,0,0
579,Ortiz Sweet Piquillo Peppers stuffed with White Tuna (Bonito del Norte),14,None,Albacore (Bonito del Norte),44,Spain,"3,700",64,0,0,0,0,0,1
580,Ortiz Ventresca of Bonito del Norte,26.5,Olive Oil,Albacore (Bonito del Norte),44,Spain,"3,700",64,0,0,0,0,0,0
581,"Ortiz White Tuna in Olive Oil with Espelette Pepper, glass jar",22.5,Olive Oil,Albacore (Bonito del Norte),44,Spain,"3,700",64,0,0,0,0,0,0
582,"Ortiz Yellowfin Tuna in Olive Oil, glass jar",19,Olive Oil,Yellowfin,36,Spain,"3,700",64,0,0,0,0,0,0
583,Ortiz Yellowfin Tuna in Organic Extra Virgin Olive Oil,7.5,Extra Virgin Olive Oil Organic,Yellowfin,36,Spain,"3,700",64,0,0,0,0,0,0
584,Paco Lafuente Cockles in Brine 35/45,15,Water,Cockles,18,Spain,"3,700",64,0,0,0,0,0,0
585,Paco Lafuente Garfish (Needlefish) in Olive Oil 5/6,9,Olive Oil,Garfish,7,Spain,"3,700",64,0,0,0,0,0,0
586,Paco Lafuente Mussels in Escabeche 12/14,8.5,Olive Oil,Mussels,55,Spain,"3,700",64,0,0,0,0,0,0
587,Paco Lafuente Small Sardines in Olive Oil 16/18,10,Olive Oil,Sardines,226,Spain,"3,700",64,0,0,0,0,0,0
588,Patagonia Provisions Lemon Caper Mackerel,8,Extra Virgin Olive Oil Organic,Mackerel,71,Spain,"3,700",64,0,0,1,0,0,0
589,Patagonia Provisions Lemon Herb Mussels,8,Extra Virgin Olive Oil Organic,Mussels,55,Spain,"3,700",64,0,0,1,1,0,0
590,Patagonia Provisions Lemon Olive Spanish White Anchovies,8,Extra Virgin Olive Oil Organic,Anchovy,45,Spain,"3,700",64,0,0,1,0,0,0
591,Patagonia Provisions Roasted Garlic Mackerel,8,Extra Virgin Olive Oil Organic,Mackerel,71,Spain,"3,700",64,0,0,0,1,1,0
592,Patagonia Provisions Roasted Garlic Spanish White Anchovies,8,Extra Virgin Olive Oil Organic,Anchovy,45,Spain,"3,700",64,0,0,0,1,1,0
593,Patagonia Provisions Savory Sofrito Mussels,8,Extra Virgin Olive Oil Organic,Mussels,55,Spain,"3,700",64,0,0,0,0,0,0
594,Patagonia Provisions Smoked Mackerel in Olive Oil,8,Extra Virgin Olive Oil Organic,Mackerel,71,Spain,"3,700",64,1,0,0,0,0,0
595,Patagonia Provisions Smoked Mussels,8,Extra Virgin Olive Oil Organic,Mussels,55,Spain,"3,700",64,1,0,0,0,0,0
596,Patagonia Provisions Spanish Paprika Mackerel,8,Extra Virgin Olive Oil Organic,Mackerel,71,Spain,"3,700",64,0,0,0,1,0,0
597,Patagonia Provisions Spicy Mussels,8,"Broth, Extra Virgin Olive Oil",Mussels,55,Spain,"3,700",64,0,0,0,0,1,0
598,Patagonia Provisions Spicy White Anchovies in Extra Virgin Olive Oil,8,Extra Virgin Olive Oil,White Clam,4,Spain,"3,700",64,0,0,0,0,1,0
599,"Patagonia Provisions Wild Pink Salmon, Black Pepper",16,Extra Virgin Olive Oil Organic,Pink Salmon,2,USA,0,0,1,0,0,0,0,0
600,"Patagonia Provisions Wild Sockeye Salmon, Lemon Pepper",16,Extra Virgin Olive Oil Organic,Sockeye Salmon,3,USA,0,0,1,0,1,1,0,0
601,"Patagonia Provisions Wild Sockeye Salmon, Lightly Smoked (Original)",16,Extra Virgin Olive Oil Organic,Sockeye Salmon,3,USA,0,0,1,0,0,0,0,0
602,Pearl River Bridge Fried Dace,6,Refined Soybean Oil,Dace,6,China,"7,270",360,0,0,1,0,0,0
603,Pearl River Bridge Fried Dace with Black Bean,6,Refined Soybean Oil,Dace,6,China,"7,270",360,0,0,1,0,0,0
604,Pepus Baby Sardines in Spicy Olive Oil,7.5,Olive Oil,Sardines,226,Spain,"3,700",64,0,0,0,0,1,0
605,Pepus Baby Sardines in Vegetable Oil 10/12,7.5,Vegetable Oil,Sardines,226,Spain,"3,700",64,0,0,0,0,0,0
606,Pepus Stuffed Baby Squid in Ink,11.5,Sunflower Oil,Squid,28,Spain,"3,700",64,0,0,0,0,0,0
607,Pepus White Tuna (Albacore) in Olive Oil,10.75,Olive Oil,Albacore (Bonito del Norte),44,Spain,"3,700",64,0,0,0,0,0,0
608,Pinhais Sardines in Olive Oil,9.5,Olive Oil,Sardines,226,Portugal,"3,600",67,0,0,0,0,0,0
609,Pinhais Sardines in Tomato Sauce,9.5,Olive Oil,Sardines,226,Portugal,"3,600",67,0,0,0,0,0,1
610,Pinhais Spiced Sardines in Olive Oil,9.5,Olive Oil,Sardines,226,Portugal,"3,600",67,0,0,0,0,1,0
611,Pinhais Spiced Sardines in Tomato Sauce,9.5,Olive Oil,Sardines,226,Portugal,"3,600",67,0,0,0,0,1,1
612,Pollastrini di Anzio Anchovy Fillets in Olive Oil,11,Olive Oil,Anchovy,45,Italy,"4,270",56,0,0,0,0,0,0
613,Pollastrini di Anzio Millesimate (Vintage) 2020 Sardines in Olive Oil,11,Olive Oil,Sardines,226,Italy,"4,270",56,0,0,0,0,0,0
614,Pollastrini di Anzio Millesimate (Vintage) 2020 Spiced Sardines in Olive Oil,11,Olive Oil,Sardines,226,Italy,"4,270",56,0,0,0,0,1,0
615,Pollastrini di Anzio Sardines in Olive Oil 4/6,7,Olive Oil,Sardines,226,Italy,"4,270",56,0,0,0,0,0,0
616,Pollastrini di Anzio Sardines in Tomato Sauce with Hot Pepper 4/6,7,Olive Oil,Sardines,226,Italy,"4,270",56,0,0,0,0,1,1
617,Pollastrini di Anzio Sardines with Tomato Sauce 4/6,7,Olive Oil,Sardines,226,Italy,"4,270",56,0,0,0,0,0,1
618,Pollastrini di Anzio Spiced Sardines in Olive Oil 4/6,7.5,Olive Oil,Sardines,226,Italy,"4,270",56,0,0,0,0,1,0
619,Pollastrini di Anzio Spicy Anchovy Fillets in Olive Oil,11.5,Olive Oil,Anchovy,45,Italy,"4,270",56,0,0,0,0,1,0
620,Porthos Sardines in Hot Tomato Sauce 3/5,7,Sunflower Oil,Sardines,226,Portugal,"3,600",67,0,0,0,0,1,1
621,Porthos Sardines in Hot Vegetable Oil 3/5,7,Sunflower Oil,Sardines,226,Portugal,"3,600",67,0,0,0,0,1,0
622,Porthos Sardines in Olive Oil 3/5,7,Olive Oil,Sardines,226,Portugal,"3,600",67,0,0,0,0,0,0
623,Porthos Sardines in Teriyaki Sauce 3/5,7,None,Sardines,226,Portugal,"3,600",67,0,0,0,0,0,0
624,Porthos Sardines in Tomato Sauce 3/5,7,Sunflower Oil,Sardines,226,Portugal,"3,600",67,0,0,0,0,0,1
625,Porthos Smoked Boneless Sardines in Extra Virgin Olive Oil,12.5,Extra Virgin Olive Oil,Sardines,226,Portugal,"3,600",67,1,0,0,0,0,0
626,Porthos Smoked Mackerel Fillets in Extra Virgin Olive Oil,11,Extra Virgin Olive Oil,Mackerel,71,Portugal,"3,600",67,1,0,0,0,0,0
627,Porthos Smoked Salmon in Extra Virgin Olive Oil,13.5,Extra Virgin Olive Oil,Salmon,23,Portugal,"3,600",67,1,0,0,0,0,0
628,Porthos Smoked Trout in Extra Virgin Olive Oil,13.5,Extra Virgin Olive Oil,Trout,8,Portugal,"3,600",67,1,0,0,0,0,0
629,Porthos Smoked Tuna Fillets in Extra Virgin Olive Oil,14,Extra Virgin Olive Oil,Tuna,124,Portugal,"3,600",67,1,0,0,0,0,0
630,Porthos Spiced Sardines in Olive Oil 3/5,7,Olive Oil,Sardines,226,Portugal,"3,600",67,0,0,0,0,1,0
631,Porto-Muiños Monkfish Liver,12.5,None,Monkfish,1,Spain,"3,700",64,0,0,0,0,0,0
632,Porto-Muiños Mussels with Sweet Kombu in Salsa Brava,16,Extra Virgin Olive Oil,Mussels,55,Spain,"3,700",64,0,0,0,0,1,1
633,Porto-Muiños Mussels with Wakame in White Escabeche,16,Extra Virgin Olive Oil,Mussels,55,Spain,"3,700",64,0,0,0,0,0,0
634,Porto-Muiños Piquillo Peppers with Sweet Kombu,14,"Extra Virgin Olive Oil, Sunflower Oil",,,Spain,"3,700",64,0,0,0,1,0,0
635,Porto-Muiños Razor Clams with Sea Spaghetti and Garlic,22,Extra Virgin Olive Oil,Razor Clam,21,Spain,"3,700",64,0,0,0,1,0,0
636,Portomar Cockles in Brine 50/60,14.5,Water,Cockles,18,Spain,"3,700",64,0,0,0,0,0,0
637,Portomar Mussels in Escabeche 8/12,8,Olive Oil,Mussels,55,Spain,"3,700",64,0,0,0,0,0,0
638,Portomar Octopus in Olive Oil,12,Olive Oil,Octopus,21,Spain,"3,700",64,0,0,0,0,0,0
639,Portomar Razor Clams in Brine 4/6,19,Water,Razor Clam,21,Spain,"3,700",64,0,0,0,0,0,0
640,Portomar Small Sardines in Olive Oil 10/14,7.5,Olive Oil,Sardinillas,1,Spain,"3,700",64,0,0,0,0,0,0
641,Portomar Smoked Mussels in Olive Oil 8/12,11.5,Olive Oil,Mussels,55,Spain,"3,700",64,1,0,0,0,0,0
642,Portomar Stuffed Baby Squid in American Sauce,10,Sunflower Oil,Squid,28,Spain,"3,700",64,0,0,0,0,0,1
643,Premium Food L Armenia Trout in Water,8,Water,Trout,8,Armenia,"5,600",41,0,0,0,0,0,0
644,PYSCIS Conserves Blue Mussels with Garlic and Chili 12/16,25,Olive Oil,Mussels,55,Spain,"3,700",64,0,0,0,1,1,0
645,"PYSCIS Conserves Razor Clams in Olive Oil 6/8, 2021",36,Olive Oil,Razor Clam,21,Spain,"3,700",64,0,0,0,0,0,0
646,"PYSCIS Conserves Sardines Royale 10/15, 2018",25,Olive Oil,Sardines,226,Spain,"3,700",64,0,0,0,0,0,0
647,PYSCIS Conserves Smoked Baltic Gold Sprats,24.5,Rapeseed Oil,Sprats,25,Spain,"3,700",64,1,0,0,0,0,0
648,"PYSCIS Conserves Young Bullet Tuna Filets in Olive Oil, 2021",26,Olive Oil,Bullet Tuna,1,Spain,"3,700",64,0,0,0,0,0,0
649,"Ramón Peña Boneless & Skinless Sardine Fillets in Olive Oil, Gold Line",24,Olive Oil,Sardines,226,Spain,"3,700",64,0,0,0,0,0,0
650,"Ramón Peña Bonito Del Norte (Albacore) in Olive Oil, Silver Line",10.75,Olive Oil,Albacore (Bonito del Norte),44,Spain,"3,700",64,0,0,0,0,0,0
651,"Ramón Peña Clams in Brine 18/20, Gold Line",47.5,Water,White Clam,4,Spain,"3,700",64,0,0,0,0,0,0
652,"Ramón Peña Cockles in Brine, 30/35 (Big), Gold Line",36,None,Cockles,18,Spain,"3,700",64,0,0,0,0,0,0
653,"Ramón Peña Fried Small Sardines Stewed in Sauce (Fritas Guisadas ""Xoubas""), Gold Line",11,Olive Oil,Sardines,226,Spain,"3,700",64,0,0,0,0,0,1
654,"Ramón Peña Garfish in Olive Oil, Gold Line",16,Olive Oil,Garfish,7,Spain,"3,700",64,0,0,0,0,0,0
655,Ramón Peña Mackerel Fillets in Olive Oil,9.5,Olive Oil,Mackerel,71,Spain,"3,700",64,0,0,0,0,0,0
656,"Ramón Peña Mackerel Fillets in Smoked Olive Oil, Silver Line",10,Olive Oil,Mackerel,71,Spain,"3,700",64,1,0,0,0,0,0
657,"Ramón Peña Mackerel Fillets with Lemon, Silver Line",10,Olive Oil,Mackerel,71,Spain,"3,700",64,0,0,1,0,0,0
658,"Ramón Peña Mussels in Escabeche (Small) 16/20, Silver Line",9.5,Sunflower Oil,Mussels,55,Spain,"3,700",64,0,0,0,0,0,0
659,"Ramón Peña Mussels in Escabeche 8/12, Silver Line",11,Sunflower Oil,Mussels,55,Spain,"3,700",64,0,0,0,0,0,0
660,"Ramón Peña Mussels in Pickled Sauce 8/10, Gold Line",15.5,Olive Oil,Mussels,55,Spain,"3,700",64,0,0,0,0,0,0
661,"Ramón Peña Octopus in Olive Oil, Gold Line",38,Olive Oil,Octopus,21,Spain,"3,700",64,0,0,0,0,0,0
662,"Ramón Peña Octopus in Paprika Sauce, Gold Line",38,Olive Oil,Octopus,21,Spain,"3,700",64,0,0,0,0,0,0
663,"Ramón Peña Octopus in Paprika Sauce, Silver Line",27.5,Olive Oil,Octopus,21,Spain,"3,700",64,0,0,0,0,0,0
664,"Ramón Peña Razorshells (Navajas) in Brine 4/6, Gold Line",25,Water,Razor Clam,21,Spain,"3,700",64,0,0,0,0,0,0
665,"Ramón Peña Razorshells (Navajas) in Brine 6/8, Silver Line",22.5,Water,Razor Clam,21,Spain,"3,700",64,0,0,0,0,0,0
666,"Ramón Peña Sardines in Olive Oil 15/20, Gold Line",23,Olive Oil,Sardines,226,Spain,"3,700",64,0,0,0,0,0,0
667,"Ramón Peña Sardines in Olive Oil 25/30, Gold Line",14.5,Olive Oil,Sardines,226,Spain,"3,700",64,0,0,0,0,0,0
668,"Ramón Peña Sardines in Olive Oil 3/5, Silver Line",7.5,Olive Oil,Sardines,226,Spain,"3,700",64,0,0,0,0,0,0
669,"Ramón Peña Sardines in Olive Oil 30/35, Gold Line, Especial Aniversario",15,Olive Oil,Sardines,226,Spain,"3,700",64,0,0,0,0,0,0
670,"Ramón Peña Sardines in Sauce (Sardinas Guisadas) ""Xoubas"", Silver Line",10,Olive Oil,Sardines,226,Spain,"3,700",64,0,0,0,0,0,1
671,"Ramón Peña Sardines in Spicy Olive Oil 20/25, Gold Line",12,Olive Oil,Sardines,226,Spain,"3,700",64,0,0,0,0,1,0
672,"Ramón Peña Small Atlantic Horse Mackerel in Olive Oil, Gold Line",12.5,Olive Oil,Horse Mackerel,3,Spain,"3,700",64,0,0,0,0,0,0
673,"Ramón Peña Small Sardines in Olive Oil 40/50, Large Format",22,Olive Oil,Sardines,226,Spain,"3,700",64,0,0,0,0,0,0
674,"Ramón Peña Small Sardines in Olive Oil with Padrón Pepper, Gold Line",14,Olive Oil,Sardines,226,Spain,"3,700",64,0,0,0,0,1,0
675,"Ramón Peña Small Sardines in Spicy Olive Oil 12/16, Silver Line",8,Olive Oil,Sardines,226,Spain,"3,700",64,0,0,0,0,1,0
676,"Ramón Peña Spicy Mussels with Garlic and Chilli Pepper 16/20, Silver Line",10,"Olive Oil,  Sunflower Oil",Mussels,55,Spain,"3,700",64,0,0,0,1,1,0
677,"Ramón Peña Squids in Olive Oil, Gold Line",14.25,Olive Oil,Squid,28,Spain,"3,700",64,0,0,0,0,0,0
678,"Ramón Peña Stuffed Squid in Ink Sauce 6/8, Gold Line",14,Olive Oil,Squid,28,Spain,"3,700",64,0,0,0,0,0,0
679,"Ramón Peña Yellowfin Tuna in Olive Oil, Silver Line",7.25,Olive Oil,Yellowfin,36,Spain,"3,700",64,0,0,0,0,0,0
680,"Ramón Peña Yellowfin Tuna Ventresca in Olive Oil, Silver Line",14.5,Olive Oil,Yellowfin,36,Spain,"3,700",64,0,0,0,0,0,0
681,"Ramón Peña Zamburiñas Guisadas (Small Scallops in Sauce), Gold Line",18.5,Olive Oil,Scallop,9,Spain,"3,700",64,0,0,0,0,0,1
682,"Ramón Peña Zamburiñas Guisadas (Small Scallops in Sauce), Silver Line",16.5,Olive Oil,Scallop,9,Spain,"3,700",64,0,0,0,0,0,1
683,Real Conservera Clams in Brine 12+,70,Water,Clams,2,Spain,"3,700",64,0,0,0,0,0,0
684,Real Conservera Cockles in Brine,55,Brine,Cockles,18,Spain,"3,700",64,0,0,0,0,0,0
685,Real Conservera Garfish in Olive Oil,21,Olive Oil,Garfish,7,Spain,"3,700",64,0,0,0,0,0,0
686,Real Conservera Mussels in Escabeche 5/7,27,Olive Oil,Mussels,55,Spain,"3,700",64,0,0,0,0,0,0
687,"Real Conservera Mussels in Escabeche 7/9, Grandes",23,Olive Oil,Mussels,55,Spain,"3,700",64,0,,0,1,0,0
688,Real Conservera Portuguese Style Cod,36,Olive Oil,Cod,9,Spain,"3,700",64,0,0,0,0,0,0
689,Real Conservera Sardines in Olive Oil 3/4,15,Olive Oil,Sardines,226,Spain,"3,700",64,0,0,0,0,0,0
690,Real Conservera Sardinillas in Olive Oil with Lemon 10/14,19,Olive Oil,Sardines,226,Spain,"3,700",64,0,0,1,0,0,0
691,Real Conservera Sea Urchin Roes in Brine,116,Brine,Sea Urchin Roe,1,Spain,"3,700",64,0,0,0,0,0,0
692,Real Conservera Selección 1920 Atún Claro (Yellowfin tuna) in Olive Oil,10,Olive Oil,Yellowfin,36,Spain,"3,700",64,0,0,0,0,0,0
693,Real Conservera Selección 1920 Atún Claro (Yellowfin tuna) Ventresca Pieces in Olive Oil with Curry,16.5,Sunflower Oil,Yellowfin,36,Spain,"3,700",64,0,0,0,0,0,0
694,Real Conservera Selección 1920 Clams in Brine,15.5,Brine,Clams,2,Spain,"3,700",64,0,0,0,0,0,0
695,Real Conservera Selección 1920 Cockles in Brine 30/40,27.5,Brine,Cockles,18,Spain,"3,700",64,0,0,0,0,0,0
696,Real Conservera Selección 1920 Cockles in Brine 40/50,21.5,Brine,Cockles,18,Spain,"3,700",64,0,0,0,0,0,0
697,Real Conservera Selección 1920 Mussels in Escabeche 12/16,13,Escabeche,Mussels,55,Spain,"3,700",64,0,0,0,1,0,0
698,Real Conservera Selección 1920 Mussels in Escabeche 9/12,19,Olive Oil,Mussels,55,Spain,"3,700",64,0,0,0,0,0,0
699,Real Conservera Selección 1920 Razor Clams in Brine,26,Brine,Razor Clam,21,Spain,"3,700",64,0,0,0,0,0,0
700,Real Conservera Selección 1920 Sardines in Olive Oil,8.75,Olive Oil,Sardines,226,Spain,"3,700",64,0,0,0,0,0,0
701,Real Conservera Selección 1920 Small Sardines (Sardinillas) in Olive Oil,11,Olive Oil,Sardines,226,Spain,"3,700",64,0,0,0,0,0,0
702,Real Conservera Selección 1920 Small Sardines (Sardinillas) in Olive Oil 12/16,13.5,Olive Oil,Sardines,226,Spain,"3,700",64,0,0,0,0,0,0
703,Real Conservera Selección 1920 Small Sardines (Sardinillas) in Spicy Olive Oil,12.5,Olive Oil,Sardines,226,Spain,"3,700",64,0,0,0,0,1,0
704,Real Conservera Selección 1920 Ventresca de Atún Claro (Yellowfin Belly) in Olive Oil,15,Olive Oil,Yellowfin,36,Spain,"3,700",64,0,0,0,0,0,0
705,Real Conservera Small Sardines (Sardinillas) in Olive Oil (Limited Edition),28,Olive Oil,Sardines,226,Spain,"3,700",64,0,0,0,0,0,0
706,Real Conservera Small Sardines (Sardinillas) in Olive Oil 10/14,24,Olive Oil,Sardines,226,Spain,"3,700",64,0,0,0,0,0,0
707,Real Conservera Small Sardines (Sardinillas) in Spicy Olive Oil 10/14,24,Olive Oil,Sardines,226,Spain,"3,700",64,0,0,0,0,1,0
708,Real Conservera Small Whole Mackerel (Caballitas) in Olive Oil,23,Olive Oil,Mackerel,71,Spain,"3,700",64,0,0,0,0,0,0
709,Real Conservera Spicy Hake Roe Medallions in Olive Oil,28,Olive Oil,Hake,6,Spain,"3,700",64,0,0,0,0,1,0
710,Real Conservera Spicy Hake Roe Pâté,25,Olive Oil,Hake Roe Pate,1,Spain,"3,700",64,0,0,0,1,1,0
711,Real Conservera Stuffed Squid in Ink,51,Olive Oil,Squid,28,Spain,"3,700",64,0,0,0,0,0,0
712,Real Conservera Stuffed Squid in Olive Oil,45,Olive Oil,Squid,28,Spain,"3,700",64,0,0,0,0,0,0
713,Real Conservera Variegated Scallop (Zamburiñas) in Natural Broth,58,Water,Scallop,9,Spain,"3,700",64,0,0,1,0,0,0
714,Real Conservera Ventresca of Yellowfin Tuna,20,Olive Oil,Yellowfin,36,Spain,"3,700",64,0,0,0,0,0,0
715,Riga Gold Cod Liver,4.5,None,Cod,9,Latvia,"4,350",37,0,0,0,0,0,0
716,"Riga Gold Délicatesse Smoked Sprats in Olive Oil with Chili, Clear Top",4.5,Olive Oil,Sprats,25,Latvia,"4,350",37,1,0,0,0,1,0
717,"Riga Gold Délicatesse Smoked Sprats in Olive Oil with Lemon, Clear Top",4.5,Olive Oil,Sprats,25,Latvia,"4,350",37,1,0,1,0,0,0
718,"Riga Gold Délicatesse Smoked Sprats in Olive Oil, Clear Top",4.5,Olive Oil,Sprats,25,Latvia,"4,350",37,1,0,0,0,0,0
719,"Riga Gold Smoked Sprats in Oil 10/12, 160g",3.5,Rapeseed Oil,Sprats,25,Latvia,"4,350",37,1,0,0,0,0,0
720,"Riga Gold Smoked Sprats in Oil 9/11, 240g",4.5,Rapeseed Oil,Sprats,25,Latvia,"4,350",37,1,0,0,0,0,0
721,"Riga Gold Smoked Sprats in Olive Oil, Clear Top",4.5,Olive Oil,Sprats,25,Latvia,"4,350",37,1,0,0,0,0,0
722,Rizzoli Anchovy Fillets in Extra Virgin Olive Oil,10.5,Extra Virgin Olive Oil,Anchovies,12,Italy,"4,270",56,0,0,0,0,0,0
723,Rizzoli Anchovy Fillets in Spicy Sauce,9.5,Extra Virgin Olive Oil,Anchovies,12,Italy,"4,270",56,0,0,0,0,0,0
724,Rizzoli Anchovy Paste,5,Olive Oil,Anchovies,12,Italy,"4,270",56,0,0,0,0,0,0
725,RTG Pow! Sardines in Habanero Purée,9,Sunflower Oil,Sardines,226,Spain,"3,700",64,0,0,0,1,0,0
726,Rügen Fisch Herring Fillets in Dill-Herb Sauce,4,Canola Oil,Herring,18,Germany,"3,930",48,0,0,0,0,0,0
727,Rügen Fisch Herring Fillets in Horseradish Sauce,4,Rapeseed Oil,Herring,18,Germany,"3,930",48,0,0,0,0,0,0
728,Rügen Fisch Herring Fillets in Hot Tomato Sauce,4,Rapeseed Oil,Herring,18,Germany,"3,930",48,0,0,0,0,1,1
729,Rügen Fisch Herring Fillets in Mushroom Sauce,4,Rapeseed Oil,Herring,18,Germany,"3,930",48,0,0,0,0,0,0
730,Rügen Fisch Herring Fillets in Mustard Sauce,4,Rapeseed Oil,Herring,18,Germany,"3,930",48,0,0,0,0,0,0
731,Rügen Fisch Herring Fillets in Paprika Sauce,4,Rapeseed Oil,Herring,18,Germany,"3,930",48,0,0,0,0,0,1
732,Rügen Fisch Herring Fillets in Tomato Sauce,4,Rapeseed Oil,Herring,18,Germany,"3,930",48,0,0,0,0,0,1
733,Rügen Fisch Herring Fillets in White Wine Sauce,4,Rapeseed Oil,Herring,18,Germany,"3,930",48,0,0,0,0,0,0
734,Rügen Fisch Kipper Snacks,4,Water,Herring,18,Germany,"3,930",48,1,0,0,0,0,0
735,Rügen Fisch Mackerel Fillets in Tomato Sauce,5,Rapeseed Oil,Mackerel,71,Germany,"3,930",48,0,0,0,0,0,1
736,Rügen Fisch Salmon Fillets (Skinless and Boneless) in Water,6.5,Water,Salmon,23,Germany,"3,930",48,0,0,0,0,0,0
737,Rügen Fisch Smoked Herring Fillets in Canola Oil and Own Juice,4.5,Rapeseed Oil,Herring,18,Germany,"3,930",48,1,0,0,0,0,0
738,"Rügen Fisch Smoked Herring Fillets with Pepper, in Brine and Own Juice",4.5,Water,Herring,18,Germany,"3,930",48,1,0,0,0,0,0
739,Rügen Fisch Smoked Kieler Sprats,4,Rapeseed Oil,Sprats,25,Germany,"3,930",48,1,0,0,0,0,0
740,Santa Catarina Tuna Fillets in Mediterranean Sauce,11,None,Skipjack,26,Portugal,"3,600",67,0,0,0,1,1,1
741,Santa Catarina Tuna Fillets in Olive Oil and Azorean Pepper,11,Olive Oil,Skipjack,26,Portugal,"3,600",67,0,0,0,0,0,0
742,Santa Catarina Tuna Fillets in Olive Oil and Basil,11,Olive Oil,Skipjack,26,Portugal,"3,600",67,0,0,0,0,0,0
743,Santa Catarina Tuna Fillets in Olive Oil and Curry,11,Olive Oil,Skipjack,26,Portugal,"3,600",67,0,0,0,0,0,0
744,Santa Catarina Tuna Fillets in Olive Oil and Fennel,11,Olive Oil,Skipjack,26,Portugal,"3,600",67,0,0,0,0,0,0
745,Santa Catarina Tuna Fillets in Olive Oil and Oregano,11,Olive Oil,Skipjack,26,Portugal,"3,600",67,0,0,0,0,0,0
746,Santa Catarina Tuna Fillets in Olive Oil and Rosemary,11,Olive Oil,Skipjack,26,Portugal,"3,600",67,0,0,0,0,0,0
747,Santa Catarina Tuna Fillets in Olive Oil and Thyme,11,Olive Oil,Skipjack,26,Portugal,"3,600",67,0,0,0,0,0,0
748,Santa Catarina Tuna Fillets in Organic Olive Oil,12,Olive Oil Organic,Skipjack,26,Portugal,"3,600",67,0,0,0,0,0,0
749,Santa Catarina Tuna Fillets with Molho Cru,18,Olive Oil,Skipjack,26,Portugal,"3,600",67,0,0,0,1,1,0
750,Sardinha Lightly Smoked Sardines in Olive Oil,9,Olive Oil,Sardines,226,Portugal,"3,600",67,1,0,0,0,0,0
751,Sardinha Lightly Smoked Skinless and Boneless Sardines in Olive Oil,11.5,Olive Oil,Sardines,226,Portugal,"3,600",67,1,0,0,0,0,0
752,Sardinha Sardines in Escabeche,8,Sunflower Oil,Sardines,226,Portugal,"3,600",67,0,0,0,0,0,0
753,Sardinha Sardines in Olive Oil,8,Olive Oli,Sardines,226,Portugal,"3,600",67,0,0,0,0,0,0
754,Sardinha Sardines in Olive Oil with Curry,8,Olive Oil,Sardines,226,Portugal,"3,600",67,0,0,0,0,0,0
755,Sardinha Sardines in Olive Oil with Lemon,8,Olive Oil,Sardines,226,Portugal,"3,600",67,0,0,1,0,0,0
756,Sardinha Sardines in Olive Oil with Oregano,8,Olive Oil,Sardines,226,Portugal,"3,600",67,0,0,0,0,0,0
757,Sardinha Sardines in Olive Oil with Red Bell Pepper,8,Olive Oil,Sardines,226,Portugal,"3,600",67,0,0,0,0,0,0
758,Sardinha Sardines in Olive Oil with Truffle Flavor,8,Olive Oil,Sardines,226,Portugal,"3,600",67,0,0,0,0,0,0
759,"Sardinha Sardines in Spicy Olive Oil with Malagueta Pepper, Special Edition – Year of the Dragon",8.5,Olive Oil,Sardines,226,Portugal,"3,600",67,0,0,0,0,1,0
760,Sardinha Sardines in Spicy Olive Oil with Pickles,8,Olive Oil,Sardines,226,Portugal,"3,600",67,0,0,0,0,0,0
761,Sardinha Sardines in Spicy Tomato Sauce with Olive Oil,8,Olive Oil,Sardines,226,Portugal,"3,600",67,0,0,0,0,1,1
762,Sardinha Sardines in Tomato Sauce with Olive Oil,8,Olive Oil,Sardines,226,Portugal,"3,600",67,0,0,0,0,0,1
763,Sardinha Skinless and Boneless Sardines in Olive Oil,11.5,Olive Oil,Sardines,226,Portugal,"3,600",67,0,0,0,0,0,0
764,Sardinha Skinless and Boneless Sardines in Spicy Olive Oil,11.5,Olive Oil,Sardines,226,Portugal,"3,600",67,0,0,0,0,1,0
765,Sardinha Skinless and Boneless Sardines in Tomato Sauce with Olive Oil,11.5,Olive Oil,Sardines,226,Portugal,"3,600",67,0,0,0,0,0,1
766,Sardinha Small Sardines in Olive Oil,8,Olive Oil,Sardines,226,Portugal,"3,600",67,0,0,0,0,0,0
767,Sempio Braised Anchovies in Soy Sauce,6,Corn Oil,Anchovies,12,Korea,"6,870",340,0,0,0,0,0,0
768,Sempio Braised Anchovies with Hot Pepper Paste (Gochujang),6,Corn Oil,Anchovies,12,Korea,"6,870",340,0,0,0,,1,0
769,Sempio Braised Dried Pollock in Spicy Sauce (Gochujang),6,Corn Oil,Pollock,1,Korea,"6,870",340,0,0,0,0,1,0
770,Stabburet Stabbur-Makrell (Mackerel Fillet) in Tomato Sauce,11.5,Canola Oil,Mackerel,71,Norway,"3,800",38,0,0,0,0,0,1
771,Sunnmöre Fish Balls in Brine (Fiskeboller i kraft),14.5,Brine,"Great silver smelt, haddock, saithe, Alaska pollack",7,Norway,"3,800",38,0,0,0,0,0,0
772,Sunnmöre Mackerel Fillets in Tomato Sauce,7,Rapeseed Oil,Mackerel,71,Norway,"3,800",38,0,0,0,0,0,1
773,Sunnmöre Peppered Mackerel (Peppermakrell),7,Rapeseed Oil,Mackerel,71,Norway,"3,800",38,0,0,0,0,0,0
774,"Tiny Fish Co. Black Cod in Soy Sauce (actually, it’s Tamari)",17,Tamari,Black Cod,1,USA,0,0,0,0,0,0,0,0
775,Tiny Fish Co. Octopus with Lemon and Dill,17,"Sunflower Oil, Butter",Octopus,21,USA,0,0,0,0,1,0,0,0
776,Tiny Fish Co. Smoked Geoduck with Black Pepper,21,None,Geoduck,2,USA,0,0,1,0,0,0,0,0
777,Tiny Fish Co. Smoked Mussels en Escabeche,17,Extra Virgin Olive Oil,Mussels,55,USA,0,0,1,0,0,0,0,0
778,Tiny Fish Co. Sole with Like Family Olive Oil and Lemon,17,Olive Oil,Pacific Dover Sole,1,USA,0,0,0,0,1,0,0,0
779,Tiny Fish Co. Spicy Jamaican Jerk Rockfish,17,Canola Oil,Pacific Rockfish,1,USA,0,0,0,0,0,1,1,0
780,Trata Anchovies in Olive Oil,5,Olive Oil,Anchovies,12,Greece,"4,900",54,0,0,0,0,0,0
781,Trata Sardines in Olive Oil,5,Olive Oil,Sardines,226,Greece,"4,900",54,0,0,0,0,0,0
782,Trata Sardines in Tomato Sauce,5,Soybean Oil,Sardines,226,Greece,"4,900",54,0,0,0,1,0,1
783,Trata Sardines with Chili Peppers in Soybean Oil,5,Soybean Oil,Sardines,226,Greece,"4,900",54,0,0,0,0,1,0
784,Trata Smoked Herring Fillet in Soybean Oil,6,Soybean Oil,Herring,18,Greece,"4,900",54,1,0,0,0,0,0
785,Wildfish Cannery Classic Coho Salmon,13,None,Coho Salmon,2,USA,0,0,0,0,0,1,0,0
786,Wildfish Cannery Smoked Coho Salmon,17,None,Coho Salmon,2,USA,0,0,1,0,0,0,0,0
787,Wildfish Cannery Smoked Geoduck,31.5,None,Geoduck,2,USA,0,0,1,0,0,0,0,0
788,Wildfish Cannery Smoked Herring,12,None,Herring,18,USA,0,0,1,0,0,0,0,0
789,Wildfish Cannery Smoked King Salmon,19.5,None,King Salmon,2,USA,0,0,1,0,0,0,0,0
790,Wildfish Cannery Smoked Octopus,26.5,None,Octopus,21,USA,0,0,1,0,0,0,0,0
791,Wildfish Cannery Smoked Pink Salmon,14.5,None,Pink Salmon,2,USA,0,0,1,0,0,0,0,0
792,Wildfish Cannery Smoked Sockeye Salmon,19,None,Sockeye Salmon,3,USA,0,0,1,0,0,0,0,0
793,Wildfish Cannery Smoked White King Salmon,23,None,King Salmon,2,USA,0,0,1,0,0,0,0,0
794,Yurrita Cantabrian Anchovy Fillets in Olive Oil,12,Olive Oil,Anchovy,45,Spain,"3,700",64,0,0,0,0,0,0
795,Yurrita Cockles in Brine 25/35,26,Water,Cockles,18,Spain,"3,700",64,0,0,0,0,0,0
796,Yurrita Mussels in Pickled Sauce (Mejillones en Escabeche) 8/12,13.5,Sunflower Oil,Mussels,55,Spain,"3,700",64,0,0,0,0,0,0
797,Yurrita Sardines in Olive Oil,8.5,Olive Oil,Sardines,226,Spain,"3,700",64,0,0,0,0,0,0
798,Yurrita Sardinillas (Small Sardines) in Olive Oil 10/14,10.5,Olive Oil,Sardines,226,Spain,"3,700",64,0,0,0,0,0,0
799,Yurrita Squid in Ink Sauce,15,Sunflower Oil,Squid,28,Spain,"3,700",64,0,0,0,0,0,0
800,Yurrita Squid in Olive Oil,18,Olive Oil,Squid,28,Spain,"3,700",64,0,0,0,0,0,0
801,Yurrita Ventresca of White Tuna,21,Olive Oil,Albacore (Bonito del Norte),44,Spain,"3,700",64,0,0,0,0,0,0
802,Yurrita Ventresca of Yellowfin Tuna,17,Olive Oil,Yellowfin,36,Spain,"3,700",64,0,0,0,0,0,0
803,Yurrita White Tuna in Olive Oil,10,Olive Oil,Albacore (Bonito del Norte),44,Spain,"3,700",64,0,0,0,0,0,0
804,"Yurrita White Tuna in Olive Oil with Piquillo Peppers, Glass Jar",18,Olive Oil,Albacore (Bonito del Norte),44,Spain,"3,700",64,0,0,0,0,0,0
805,"Yurrita White Tuna in Olive Oil, Glass Jar",16.5,Olive Oil,Albacore (Bonito del Norte),44,Spain,"3,700",64,0,0,0,0,0,0
806,Zallo Bonito del Norte (White Tuna) in Escabeche,16,Olive Oil,Albacore (Bonito del Norte),44,Spain,"3,700",64,0,0,0,0,0,0
807,Zallo Bonito del Norte (White Tuna) in Olive Oil,17.5,Olive Oil,Albacore (Bonito del Norte),44,Spain,"3,700",64,0,0,0,0,0,0
808,"Zallo Bonito del Norte (White Tuna) in Olive Oil, glass jar",21,Olive Oil,Albacore (Bonito del Norte),44,Spain,"3,700",64,0,0,0,0,0,0
809,Zallo Ventresca Bonito del Norte (White Tuna Belly) in Olive Oil,30,Olive Oil,Albacore (Bonito del Norte),44,Spain,"3,700",64,0,0,0,0,0,0
810,Zallo Yellowfin (Atun Claro) Ventresca in Olive Oil,24.5,Olive Oil,Yellowfin,36,Spain,"3,700",64,0,0,0,0,0,0